VCP Plasma,Target,NPQ
A_01_Emory_8FKM,ACHE,13.1233728
A_02_Emory_BYYZ,ACHE,13.64228739
A_03_Emory_VP0015,ACHE,13.23823865
A_04_Emory_VP004,ACHE,13.83924266
A_05_Emory_VP006,ACHE,13.57089969
A_06_Emory_VP007,ACHE,13.16872525
A_07_Emory_VP009,ACHE,13.9491927
A_08_Emory_VP010,ACHE,13.37637398
A_09_Emory_VP012,ACHE,12.96180389
A_10_Emory_BN073,ACHE,13.66094317
A_11_Emory_BN038,ACHE,13.09513572
B_01_Emory_BN087,ACHE,13.29170857
B_02_Emory_BN006,ACHE,13.5910534
B_03_Emory_T00535,ACHE,13.39557924
B_04_Emory_02-003BM,ACHE,13.23433592
B_05_Emory_02-004MG,ACHE,13.44247176
B_06_Emory_01-005DS,ACHE,13.82235529
B_07_Emory_56-001CD,ACHE,13.3272053
A_01_Emory_8FKM,AGRN,13.6080442
A_02_Emory_BYYZ,AGRN,13.56839974
A_03_Emory_VP0015,AGRN,13.73733183
A_04_Emory_VP004,AGRN,13.90817778
A_05_Emory_VP006,AGRN,13.7534274
A_06_Emory_VP007,AGRN,13.68276878
A_07_Emory_VP009,AGRN,13.67272255
A_08_Emory_VP010,AGRN,14.00092722
A_09_Emory_VP012,AGRN,14.13430809
A_10_Emory_BN073,AGRN,13.71682933
A_11_Emory_BN038,AGRN,13.21373679
B_01_Emory_BN087,AGRN,13.64516847
B_02_Emory_BN006,AGRN,13.40320939
B_03_Emory_T00535,AGRN,13.70640553
B_04_Emory_02-003BM,AGRN,13.3142985
B_05_Emory_02-004MG,AGRN,13.95535803
B_06_Emory_01-005DS,AGRN,13.98909065
B_07_Emory_56-001CD,AGRN,14.16034751
A_01_Emory_8FKM,ANXA5,13.6177361
A_02_Emory_BYYZ,ANXA5,12.65540523
A_03_Emory_VP0015,ANXA5,18.95747835
A_04_Emory_VP004,ANXA5,19.86480381
A_05_Emory_VP006,ANXA5,19.12574771
A_06_Emory_VP007,ANXA5,18.70989874
A_07_Emory_VP009,ANXA5,19.57904571
A_08_Emory_VP010,ANXA5,19.25254357
A_09_Emory_VP012,ANXA5,20.06501224
A_10_Emory_BN073,ANXA5,9.327800757
A_11_Emory_BN038,ANXA5,8.966114363
B_01_Emory_BN087,ANXA5,15.6525847
B_02_Emory_BN006,ANXA5,10.07466001
B_03_Emory_T00535,ANXA5,12.41734106
B_04_Emory_02-003BM,ANXA5,6.423264332
B_05_Emory_02-004MG,ANXA5,6.280709417
B_06_Emory_01-005DS,ANXA5,6.953166575
B_07_Emory_56-001CD,ANXA5,5.616275497
A_01_Emory_8FKM,APOE,13.2509191
A_02_Emory_BYYZ,APOE,12.77457111
A_03_Emory_VP0015,APOE,13.17730749
A_04_Emory_VP004,APOE,14.28336609
A_05_Emory_VP006,APOE,13.10257617
A_06_Emory_VP007,APOE,13.67532863
A_07_Emory_VP009,APOE,13.18346001
A_08_Emory_VP010,APOE,13.84622718
A_09_Emory_VP012,APOE,13.91139811
A_10_Emory_BN073,APOE,13.16957175
A_11_Emory_BN038,APOE,13.3621756
B_01_Emory_BN087,APOE,13.2228469
B_02_Emory_BN006,APOE,13.39517105
B_03_Emory_T00535,APOE,12.92622912
B_04_Emory_02-003BM,APOE,12.69772266
B_05_Emory_02-004MG,APOE,12.53946035
B_06_Emory_01-005DS,APOE,12.50251451
B_07_Emory_56-001CD,APOE,12.9871922
A_01_Emory_8FKM,APOE4,0
A_02_Emory_BYYZ,APOE4,13.60030249
A_03_Emory_VP0015,APOE4,3.211996254
A_04_Emory_VP004,APOE4,0
A_05_Emory_VP006,APOE4,13.88363579
A_06_Emory_VP007,APOE4,0
A_07_Emory_VP009,APOE4,15.94529634
A_08_Emory_VP010,APOE4,13.57744722
A_09_Emory_VP012,APOE4,15.47964906
A_10_Emory_BN073,APOE4,13.09795383
A_11_Emory_BN038,APOE4,14.43001762
B_01_Emory_BN087,APOE4,0
B_02_Emory_BN006,APOE4,13.15336658
B_03_Emory_T00535,APOE4,13.38014841
B_04_Emory_02-003BM,APOE4,0
B_05_Emory_02-004MG,APOE4,0
B_06_Emory_01-005DS,APOE4,0
B_07_Emory_56-001CD,APOE4,0
A_01_Emory_8FKM,ARSA,11.03094896
A_02_Emory_BYYZ,ARSA,11.59431831
A_03_Emory_VP0015,ARSA,15.37242173
A_04_Emory_VP004,ARSA,16.08661264
A_05_Emory_VP006,ARSA,15.21907909
A_06_Emory_VP007,ARSA,16.11084159
A_07_Emory_VP009,ARSA,15.64813217
A_08_Emory_VP010,ARSA,14.77533928
A_09_Emory_VP012,ARSA,16.12640857
A_10_Emory_BN073,ARSA,10.18923782
A_11_Emory_BN038,ARSA,9.511410938
B_01_Emory_BN087,ARSA,11.50345843
B_02_Emory_BN006,ARSA,11.23323142
B_03_Emory_T00535,ARSA,10.20931843
B_04_Emory_02-003BM,ARSA,11.52099639
B_05_Emory_02-004MG,ARSA,12.94706207
B_06_Emory_01-005DS,ARSA,13.02077279
B_07_Emory_56-001CD,ARSA,12.60572111
A_01_Emory_8FKM,Aβ38,10.75626335
A_02_Emory_BYYZ,Aβ38,9.827040364
A_03_Emory_VP0015,Aβ38,11.635274
A_04_Emory_VP004,Aβ38,11.00914961
A_05_Emory_VP006,Aβ38,11.27411018
A_06_Emory_VP007,Aβ38,11.66062349
A_07_Emory_VP009,Aβ38,11.62867844
A_08_Emory_VP010,Aβ38,11.28085529
A_09_Emory_VP012,Aβ38,10.60845117
A_10_Emory_BN073,Aβ38,10.78014655
A_11_Emory_BN038,Aβ38,10.83810734
B_01_Emory_BN087,Aβ38,12.88850029
B_02_Emory_BN006,Aβ38,10.24343713
B_03_Emory_T00535,Aβ38,11.95449347
B_04_Emory_02-003BM,Aβ38,10.11986063
B_05_Emory_02-004MG,Aβ38,10.50806878
B_06_Emory_01-005DS,Aβ38,8.951204597
B_07_Emory_56-001CD,Aβ38,10.35485595
A_01_Emory_8FKM,Aβ40,13.21108966
A_02_Emory_BYYZ,Aβ40,12.0996816
A_03_Emory_VP0015,Aβ40,13.94539493
A_04_Emory_VP004,Aβ40,13.13491768
A_05_Emory_VP006,Aβ40,13.42436139
A_06_Emory_VP007,Aβ40,14.19930484
A_07_Emory_VP009,Aβ40,13.33263272
A_08_Emory_VP010,Aβ40,13.73133648
A_09_Emory_VP012,Aβ40,12.79702065
A_10_Emory_BN073,Aβ40,13.23571725
A_11_Emory_BN038,Aβ40,13.04305453
B_01_Emory_BN087,Aβ40,13.28808308
B_02_Emory_BN006,Aβ40,12.97550762
B_03_Emory_T00535,Aβ40,13.0596335
B_04_Emory_02-003BM,Aβ40,12.66683544
B_05_Emory_02-004MG,Aβ40,13.11230567
B_06_Emory_01-005DS,Aβ40,10.73965802
B_07_Emory_56-001CD,Aβ40,12.94071069
A_01_Emory_8FKM,Aβ42,13.03798553
A_02_Emory_BYYZ,Aβ42,13.03570152
A_03_Emory_VP0015,Aβ42,13.18430835
A_04_Emory_VP004,Aβ42,12.58794283
A_05_Emory_VP006,Aβ42,13.28545983
A_06_Emory_VP007,Aβ42,13.59461526
A_07_Emory_VP009,Aβ42,12.68894118
A_08_Emory_VP010,Aβ42,13.85369182
A_09_Emory_VP012,Aβ42,13.02347285
A_10_Emory_BN073,Aβ42,13.2265237
A_11_Emory_BN038,Aβ42,12.95389754
B_01_Emory_BN087,Aβ42,12.55759401
B_02_Emory_BN006,Aβ42,13.28401094
B_03_Emory_T00535,Aβ42,12.65283757
B_04_Emory_02-003BM,Aβ42,12.64708169
B_05_Emory_02-004MG,Aβ42,11.25843036
B_06_Emory_01-005DS,Aβ42,9.160515447
B_07_Emory_56-001CD,Aβ42,10.68569973
A_01_Emory_8FKM,BACE1,13.69682265
A_02_Emory_BYYZ,BACE1,13.59030546
A_03_Emory_VP0015,BACE1,13.22572831
A_04_Emory_VP004,BACE1,13.55962029
A_05_Emory_VP006,BACE1,13.71728533
A_06_Emory_VP007,BACE1,13.15732803
A_07_Emory_VP009,BACE1,13.41231313
A_08_Emory_VP010,BACE1,13.58907387
A_09_Emory_VP012,BACE1,13.43902044
A_10_Emory_BN073,BACE1,13.75273339
A_11_Emory_BN038,BACE1,13.50108109
B_01_Emory_BN087,BACE1,13.36750747
B_02_Emory_BN006,BACE1,13.39647047
B_03_Emory_T00535,BACE1,13.34450273
B_04_Emory_02-003BM,BACE1,13.39347642
B_05_Emory_02-004MG,BACE1,13.09035575
B_06_Emory_01-005DS,BACE1,13.33305232
B_07_Emory_56-001CD,BACE1,12.9216936
A_01_Emory_8FKM,BASP1,6.765810935
A_02_Emory_BYYZ,BASP1,6.702996446
A_03_Emory_VP0015,BASP1,8.71515099
A_04_Emory_VP004,BASP1,6.867828613
A_05_Emory_VP006,BASP1,7.376693881
A_06_Emory_VP007,BASP1,6.858042846
A_07_Emory_VP009,BASP1,7.505382886
A_08_Emory_VP010,BASP1,10.38839491
A_09_Emory_VP012,BASP1,6.713936976
A_10_Emory_BN073,BASP1,7.632211489
A_11_Emory_BN038,BASP1,6.87660944
B_01_Emory_BN087,BASP1,7.181443694
B_02_Emory_BN006,BASP1,9.254734489
B_03_Emory_T00535,BASP1,6.787626435
B_04_Emory_02-003BM,BASP1,7.922643734
B_05_Emory_02-004MG,BASP1,9.226994108
B_06_Emory_01-005DS,BASP1,7.44604996
B_07_Emory_56-001CD,BASP1,7.334560867
A_01_Emory_8FKM,BDNF,14.80019917
A_02_Emory_BYYZ,BDNF,14.06083997
A_03_Emory_VP0015,BDNF,16.71937435
A_04_Emory_VP004,BDNF,16.61234056
A_05_Emory_VP006,BDNF,16.48044266
A_06_Emory_VP007,BDNF,16.68629686
A_07_Emory_VP009,BDNF,16.54724965
A_08_Emory_VP010,BDNF,15.17245258
A_09_Emory_VP012,BDNF,16.62979402
A_10_Emory_BN073,BDNF,12.87857391
A_11_Emory_BN038,BDNF,10.64778415
B_01_Emory_BN087,BDNF,15.68916855
B_02_Emory_BN006,BDNF,12.77299708
B_03_Emory_T00535,BDNF,15.83880965
B_04_Emory_02-003BM,BDNF,15.82243433
B_05_Emory_02-004MG,BDNF,16.13426045
B_06_Emory_01-005DS,BDNF,16.18245292
B_07_Emory_56-001CD,BDNF,15.44333581
A_01_Emory_8FKM,CALB2,12.12731815
A_02_Emory_BYYZ,CALB2,11.47217905
A_03_Emory_VP0015,CALB2,13.17387288
A_04_Emory_VP004,CALB2,12.8951271
A_05_Emory_VP006,CALB2,13.15098079
A_06_Emory_VP007,CALB2,13.73082949
A_07_Emory_VP009,CALB2,13.50621607
A_08_Emory_VP010,CALB2,12.5019013
A_09_Emory_VP012,CALB2,12.58123744
A_10_Emory_BN073,CALB2,12.007953
A_11_Emory_BN038,CALB2,13.1153142
B_01_Emory_BN087,CALB2,12.50768057
B_02_Emory_BN006,CALB2,11.68068883
B_03_Emory_T00535,CALB2,11.75314041
B_04_Emory_02-003BM,CALB2,10.86052397
B_05_Emory_02-004MG,CALB2,11.79104414
B_06_Emory_01-005DS,CALB2,12.61491483
B_07_Emory_56-001CD,CALB2,11.93674824
A_01_Emory_8FKM,CCL11,14.14714773
A_02_Emory_BYYZ,CCL11,13.86698569
A_03_Emory_VP0015,CCL11,12.93749413
A_04_Emory_VP004,CCL11,13.94661356
A_05_Emory_VP006,CCL11,13.27922851
A_06_Emory_VP007,CCL11,13.2892626
A_07_Emory_VP009,CCL11,13.47748953
A_08_Emory_VP010,CCL11,14.39666735
A_09_Emory_VP012,CCL11,13.58563643
A_10_Emory_BN073,CCL11,13.28827954
A_11_Emory_BN038,CCL11,14.7679886
B_01_Emory_BN087,CCL11,13.90223626
B_02_Emory_BN006,CCL11,13.87059837
B_03_Emory_T00535,CCL11,14.28039839
B_04_Emory_02-003BM,CCL11,15.07940823
B_05_Emory_02-004MG,CCL11,13.84438261
B_06_Emory_01-005DS,CCL11,13.90106864
B_07_Emory_56-001CD,CCL11,13.59919084
A_01_Emory_8FKM,CCL13,13.9907566
A_02_Emory_BYYZ,CCL13,13.32109984
A_03_Emory_VP0015,CCL13,16.22135041
A_04_Emory_VP004,CCL13,15.6725627
A_05_Emory_VP006,CCL13,15.90801185
A_06_Emory_VP007,CCL13,16.66408915
A_07_Emory_VP009,CCL13,15.29877026
A_08_Emory_VP010,CCL13,14.88370985
A_09_Emory_VP012,CCL13,16.15425227
A_10_Emory_BN073,CCL13,12.51213575
A_11_Emory_BN038,CCL13,12.42149075
B_01_Emory_BN087,CCL13,13.5189195
B_02_Emory_BN006,CCL13,12.66684905
B_03_Emory_T00535,CCL13,14.55321285
B_04_Emory_02-003BM,CCL13,16.64763431
B_05_Emory_02-004MG,CCL13,16.2937538
B_06_Emory_01-005DS,CCL13,16.09612503
B_07_Emory_56-001CD,CCL13,16.42447863
A_01_Emory_8FKM,CCL17,14.43548001
A_02_Emory_BYYZ,CCL17,12.1244415
A_03_Emory_VP0015,CCL17,20.00241936
A_04_Emory_VP004,CCL17,17.99714818
A_05_Emory_VP006,CCL17,17.71825301
A_06_Emory_VP007,CCL17,19.44254363
A_07_Emory_VP009,CCL17,19.16895583
A_08_Emory_VP010,CCL17,16.01652189
A_09_Emory_VP012,CCL17,17.54722547
A_10_Emory_BN073,CCL17,11.55967055
A_11_Emory_BN038,CCL17,11.60507092
B_01_Emory_BN087,CCL17,14.61789381
B_02_Emory_BN006,CCL17,12.36291174
B_03_Emory_T00535,CCL17,13.74346618
B_04_Emory_02-003BM,CCL17,16.33267857
B_05_Emory_02-004MG,CCL17,15.69855064
B_06_Emory_01-005DS,CCL17,15.40683641
B_07_Emory_56-001CD,CCL17,15.89042207
A_01_Emory_8FKM,CCL2,13.78274529
A_02_Emory_BYYZ,CCL2,13.08235765
A_03_Emory_VP0015,CCL2,12.79552995
A_04_Emory_VP004,CCL2,13.27379318
A_05_Emory_VP006,CCL2,13.34277953
A_06_Emory_VP007,CCL2,13.84305289
A_07_Emory_VP009,CCL2,13.34309251
A_08_Emory_VP010,CCL2,14.65488157
A_09_Emory_VP012,CCL2,13.40793265
A_10_Emory_BN073,CCL2,12.67972448
A_11_Emory_BN038,CCL2,13.45545385
B_01_Emory_BN087,CCL2,13.44395955
B_02_Emory_BN006,CCL2,13.48278012
B_03_Emory_T00535,CCL2,14.2037693
B_04_Emory_02-003BM,CCL2,14.59709677
B_05_Emory_02-004MG,CCL2,14.68244518
B_06_Emory_01-005DS,CCL2,15.11195843
B_07_Emory_56-001CD,CCL2,14.85926355
A_01_Emory_8FKM,CCL22,13.29065154
A_02_Emory_BYYZ,CCL22,13.12334139
A_03_Emory_VP0015,CCL22,14.10881052
A_04_Emory_VP004,CCL22,14.2214653
A_05_Emory_VP006,CCL22,13.28077959
A_06_Emory_VP007,CCL22,14.45017749
A_07_Emory_VP009,CCL22,14.3713622
A_08_Emory_VP010,CCL22,13.59918672
A_09_Emory_VP012,CCL22,13.34611642
A_10_Emory_BN073,CCL22,13.17372223
A_11_Emory_BN038,CCL22,13.78682105
B_01_Emory_BN087,CCL22,13.88716463
B_02_Emory_BN006,CCL22,12.75310819
B_03_Emory_T00535,CCL22,13.75653251
B_04_Emory_02-003BM,CCL22,13.0408061
B_05_Emory_02-004MG,CCL22,13.76418306
B_06_Emory_01-005DS,CCL22,14.26565241
B_07_Emory_56-001CD,CCL22,12.91845827
A_01_Emory_8FKM,CCL26,11.99659117
A_02_Emory_BYYZ,CCL26,12.2907268
A_03_Emory_VP0015,CCL26,12.50558398
A_04_Emory_VP004,CCL26,12.26956541
A_05_Emory_VP006,CCL26,12.34788494
A_06_Emory_VP007,CCL26,13.68048274
A_07_Emory_VP009,CCL26,12.20461304
A_08_Emory_VP010,CCL26,12.77911137
A_09_Emory_VP012,CCL26,11.86084127
A_10_Emory_BN073,CCL26,11.69002265
A_11_Emory_BN038,CCL26,10.56854739
B_01_Emory_BN087,CCL26,13.64076336
B_02_Emory_BN006,CCL26,11.45035977
B_03_Emory_T00535,CCL26,12.57879663
B_04_Emory_02-003BM,CCL26,16.3638091
B_05_Emory_02-004MG,CCL26,15.82242327
B_06_Emory_01-005DS,CCL26,16.44269255
B_07_Emory_56-001CD,CCL26,16.18605818
A_01_Emory_8FKM,CCL3,13.32866573
A_02_Emory_BYYZ,CCL3,12.4825101
A_03_Emory_VP0015,CCL3,13.37844266
A_04_Emory_VP004,CCL3,13.60054464
A_05_Emory_VP006,CCL3,13.50767008
A_06_Emory_VP007,CCL3,13.68097095
A_07_Emory_VP009,CCL3,13.88432514
A_08_Emory_VP010,CCL3,21.49349093
A_09_Emory_VP012,CCL3,12.58422218
A_10_Emory_BN073,CCL3,11.57878873
A_11_Emory_BN038,CCL3,13.26282312
B_01_Emory_BN087,CCL3,12.74608929
B_02_Emory_BN006,CCL3,12.10303015
B_03_Emory_T00535,CCL3,12.54921334
B_04_Emory_02-003BM,CCL3,12.21395554
B_05_Emory_02-004MG,CCL3,12.39222915
B_06_Emory_01-005DS,CCL3,12.98334486
B_07_Emory_56-001CD,CCL3,12.81583932
A_01_Emory_8FKM,CCL4,12.1700155
A_02_Emory_BYYZ,CCL4,13.02615808
A_03_Emory_VP0015,CCL4,13.05575676
A_04_Emory_VP004,CCL4,13.51935937
A_05_Emory_VP006,CCL4,13.61639843
A_06_Emory_VP007,CCL4,13.48646067
A_07_Emory_VP009,CCL4,13.40944363
A_08_Emory_VP010,CCL4,14.00599813
A_09_Emory_VP012,CCL4,13.57662605
A_10_Emory_BN073,CCL4,12.14786346
A_11_Emory_BN038,CCL4,11.39372053
B_01_Emory_BN087,CCL4,13.39943686
B_02_Emory_BN006,CCL4,13.07766752
B_03_Emory_T00535,CCL4,13.82583426
B_04_Emory_02-003BM,CCL4,13.11845042
B_05_Emory_02-004MG,CCL4,13.04566174
B_06_Emory_01-005DS,CCL4,12.67090783
B_07_Emory_56-001CD,CCL4,13.54806451
A_01_Emory_8FKM,CD40LG,13.61742906
A_02_Emory_BYYZ,CD40LG,12.47784206
A_03_Emory_VP0015,CD40LG,17.92931912
A_04_Emory_VP004,CD40LG,17.22789611
A_05_Emory_VP006,CD40LG,15.71325989
A_06_Emory_VP007,CD40LG,17.06349261
A_07_Emory_VP009,CD40LG,17.72531046
A_08_Emory_VP010,CD40LG,16.39540511
A_09_Emory_VP012,CD40LG,17.57102423
A_10_Emory_BN073,CD40LG,12.24959398
A_11_Emory_BN038,CD40LG,11.56323475
B_01_Emory_BN087,CD40LG,16.79894226
B_02_Emory_BN006,CD40LG,11.87582443
B_03_Emory_T00535,CD40LG,13.54255418
B_04_Emory_02-003BM,CD40LG,15.75456084
B_05_Emory_02-004MG,CD40LG,16.53899303
B_06_Emory_01-005DS,CD40LG,15.86355183
B_07_Emory_56-001CD,CD40LG,15.14536169
A_01_Emory_8FKM,CD63,12.49312114
A_02_Emory_BYYZ,CD63,12.07335185
A_03_Emory_VP0015,CD63,13.02195792
A_04_Emory_VP004,CD63,13.28601958
A_05_Emory_VP006,CD63,13.29485064
A_06_Emory_VP007,CD63,12.81184248
A_07_Emory_VP009,CD63,12.99532295
A_08_Emory_VP010,CD63,12.95851109
A_09_Emory_VP012,CD63,13.02053084
A_10_Emory_BN073,CD63,11.99697597
A_11_Emory_BN038,CD63,11.60708195
B_01_Emory_BN087,CD63,12.70431214
B_02_Emory_BN006,CD63,13.34585549
B_03_Emory_T00535,CD63,12.99987452
B_04_Emory_02-003BM,CD63,12.63681759
B_05_Emory_02-004MG,CD63,11.43328508
B_06_Emory_01-005DS,CD63,13.21129383
B_07_Emory_56-001CD,CD63,12.56464363
A_01_Emory_8FKM,CHI3L1,13.44664698
A_02_Emory_BYYZ,CHI3L1,13.01458754
A_03_Emory_VP0015,CHI3L1,12.87413056
A_04_Emory_VP004,CHI3L1,13.85345909
A_05_Emory_VP006,CHI3L1,12.48370108
A_06_Emory_VP007,CHI3L1,13.40971061
A_07_Emory_VP009,CHI3L1,14.04525528
A_08_Emory_VP010,CHI3L1,12.74691409
A_09_Emory_VP012,CHI3L1,12.40033607
A_10_Emory_BN073,CHI3L1,11.71291927
A_11_Emory_BN038,CHI3L1,12.87837403
B_01_Emory_BN087,CHI3L1,13.7183373
B_02_Emory_BN006,CHI3L1,12.90599096
B_03_Emory_T00535,CHI3L1,13.16240624
B_04_Emory_02-003BM,CHI3L1,14.84185307
B_05_Emory_02-004MG,CHI3L1,13.76527549
B_06_Emory_01-005DS,CHI3L1,14.21022565
B_07_Emory_56-001CD,CHI3L1,13.68261225
A_01_Emory_8FKM,CHIT1,14.47091848
A_02_Emory_BYYZ,CHIT1,14.34826305
A_03_Emory_VP0015,CHIT1,12.66429732
A_04_Emory_VP004,CHIT1,13.57667878
A_05_Emory_VP006,CHIT1,13.96164529
A_06_Emory_VP007,CHIT1,13.54226714
A_07_Emory_VP009,CHIT1,13.31751683
A_08_Emory_VP010,CHIT1,13.01043719
A_09_Emory_VP012,CHIT1,13.48437742
A_10_Emory_BN073,CHIT1,13.34740351
A_11_Emory_BN038,CHIT1,14.29473912
B_01_Emory_BN087,CHIT1,14.90057593
B_02_Emory_BN006,CHIT1,13.07322062
B_03_Emory_T00535,CHIT1,13.36641541
B_04_Emory_02-003BM,CHIT1,14.51143331
B_05_Emory_02-004MG,CHIT1,14.93470879
B_06_Emory_01-005DS,CHIT1,13.97607019
B_07_Emory_56-001CD,CHIT1,12.32431631
A_01_Emory_8FKM,CNTN2,14.58238155
A_02_Emory_BYYZ,CNTN2,14.37262571
A_03_Emory_VP0015,CNTN2,11.51438161
A_04_Emory_VP004,CNTN2,15.05651833
A_05_Emory_VP006,CNTN2,13.13047944
A_06_Emory_VP007,CNTN2,13.47995853
A_07_Emory_VP009,CNTN2,14.17823775
A_08_Emory_VP010,CNTN2,15.09030252
A_09_Emory_VP012,CNTN2,12.62866503
A_10_Emory_BN073,CNTN2,14.33740221
A_11_Emory_BN038,CNTN2,13.84948603
B_01_Emory_BN087,CNTN2,15.47171317
B_02_Emory_BN006,CNTN2,13.10651983
B_03_Emory_T00535,CNTN2,13.39658489
B_04_Emory_02-003BM,CNTN2,14.40781971
B_05_Emory_02-004MG,CNTN2,15.31511664
B_06_Emory_01-005DS,CNTN2,13.86144314
B_07_Emory_56-001CD,CNTN2,14.04593865
A_01_Emory_8FKM,CRH,13.3117785
A_02_Emory_BYYZ,CRH,13.0930019
A_03_Emory_VP0015,CRH,13.44691355
A_04_Emory_VP004,CRH,13.31832354
A_05_Emory_VP006,CRH,13.21141656
A_06_Emory_VP007,CRH,14.02064841
A_07_Emory_VP009,CRH,14.11728933
A_08_Emory_VP010,CRH,13.04725344
A_09_Emory_VP012,CRH,14.16183867
A_10_Emory_BN073,CRH,12.60250864
A_11_Emory_BN038,CRH,12.59963405
B_01_Emory_BN087,CRH,13.48181693
B_02_Emory_BN006,CRH,13.52015856
B_03_Emory_T00535,CRH,14.43465087
B_04_Emory_02-003BM,CRH,12.4816411
B_05_Emory_02-004MG,CRH,14.12097627
B_06_Emory_01-005DS,CRH,12.82375102
B_07_Emory_56-001CD,CRH,13.03937244
A_01_Emory_8FKM,CRP,12.91557072
A_02_Emory_BYYZ,CRP,11.43124044
A_03_Emory_VP0015,CRP,11.93565464
A_04_Emory_VP004,CRP,12.18824709
A_05_Emory_VP006,CRP,11.1902602
A_06_Emory_VP007,CRP,12.83607017
A_07_Emory_VP009,CRP,12.02296527
A_08_Emory_VP010,CRP,11.97333292
A_09_Emory_VP012,CRP,10.47487006
A_10_Emory_BN073,CRP,11.38463904
A_11_Emory_BN038,CRP,12.15689155
B_01_Emory_BN087,CRP,12.1113109
B_02_Emory_BN006,CRP,11.12962815
B_03_Emory_T00535,CRP,11.75868132
B_04_Emory_02-003BM,CRP,11.68068063
B_05_Emory_02-004MG,CRP,12.67141812
B_06_Emory_01-005DS,CRP,12.182929
B_07_Emory_56-001CD,CRP,12.75007715
A_01_Emory_8FKM,CSF2,12.79885702
A_02_Emory_BYYZ,CSF2,11.84290631
A_03_Emory_VP0015,CSF2,12.8610396
A_04_Emory_VP004,CSF2,13.62510205
A_05_Emory_VP006,CSF2,12.34210014
A_06_Emory_VP007,CSF2,13.11237726
A_07_Emory_VP009,CSF2,13.65363279
A_08_Emory_VP010,CSF2,13.30293149
A_09_Emory_VP012,CSF2,12.22929433
A_10_Emory_BN073,CSF2,12.19406279
A_11_Emory_BN038,CSF2,12.05722364
B_01_Emory_BN087,CSF2,12.1892871
B_02_Emory_BN006,CSF2,12.63882258
B_03_Emory_T00535,CSF2,12.70315739
B_04_Emory_02-003BM,CSF2,12.43089203
B_05_Emory_02-004MG,CSF2,13.04566343
B_06_Emory_01-005DS,CSF2,12.90053394
B_07_Emory_56-001CD,CSF2,12.66193933
A_01_Emory_8FKM,CST3,13.76825761
A_02_Emory_BYYZ,CST3,13.54175161
A_03_Emory_VP0015,CST3,13.56513981
A_04_Emory_VP004,CST3,13.84170098
A_05_Emory_VP006,CST3,13.84106359
A_06_Emory_VP007,CST3,13.80294511
A_07_Emory_VP009,CST3,13.77342708
A_08_Emory_VP010,CST3,13.70618175
A_09_Emory_VP012,CST3,13.34077344
A_10_Emory_BN073,CST3,13.56836864
A_11_Emory_BN038,CST3,13.85324372
B_01_Emory_BN087,CST3,13.49847394
B_02_Emory_BN006,CST3,13.43523217
B_03_Emory_T00535,CST3,13.61713203
B_04_Emory_02-003BM,CST3,13.35376922
B_05_Emory_02-004MG,CST3,13.76696506
B_06_Emory_01-005DS,CST3,13.57956816
B_07_Emory_56-001CD,CST3,13.63694156
A_01_Emory_8FKM,CX3CL1,13.77559186
A_02_Emory_BYYZ,CX3CL1,13.70838094
A_03_Emory_VP0015,CX3CL1,13.44731663
A_04_Emory_VP004,CX3CL1,13.50478613
A_05_Emory_VP006,CX3CL1,14.02345671
A_06_Emory_VP007,CX3CL1,13.49085951
A_07_Emory_VP009,CX3CL1,13.78745622
A_08_Emory_VP010,CX3CL1,13.730323
A_09_Emory_VP012,CX3CL1,13.51360451
A_10_Emory_BN073,CX3CL1,13.48319823
A_11_Emory_BN038,CX3CL1,13.58194579
B_01_Emory_BN087,CX3CL1,13.70501956
B_02_Emory_BN006,CX3CL1,13.85506166
B_03_Emory_T00535,CX3CL1,13.83811138
B_04_Emory_02-003BM,CX3CL1,12.81697554
B_05_Emory_02-004MG,CX3CL1,13.99183437
B_06_Emory_01-005DS,CX3CL1,13.76900239
B_07_Emory_56-001CD,CX3CL1,14.19400868
A_01_Emory_8FKM,CXCL1,14.13316559
A_02_Emory_BYYZ,CXCL1,12.88094793
A_03_Emory_VP0015,CXCL1,14.62863254
A_04_Emory_VP004,CXCL1,16.42075489
A_05_Emory_VP006,CXCL1,15.19544048
A_06_Emory_VP007,CXCL1,17.79273188
A_07_Emory_VP009,CXCL1,17.15634369
A_08_Emory_VP010,CXCL1,15.08579342
A_09_Emory_VP012,CXCL1,15.85537022
A_10_Emory_BN073,CXCL1,10.30743877
A_11_Emory_BN038,CXCL1,9.749643123
B_01_Emory_BN087,CXCL1,11.28932655
B_02_Emory_BN006,CXCL1,11.8901134
B_03_Emory_T00535,CXCL1,13.26657886
B_04_Emory_02-003BM,CXCL1,13.78450873
B_05_Emory_02-004MG,CXCL1,15.21944365
B_06_Emory_01-005DS,CXCL1,14.49244618
B_07_Emory_56-001CD,CXCL1,14.07795343
A_01_Emory_8FKM,CXCL10,14.02513968
A_02_Emory_BYYZ,CXCL10,11.82044058
A_03_Emory_VP0015,CXCL10,13.60534423
A_04_Emory_VP004,CXCL10,13.72986112
A_05_Emory_VP006,CXCL10,13.32145186
A_06_Emory_VP007,CXCL10,13.51840038
A_07_Emory_VP009,CXCL10,13.48375079
A_08_Emory_VP010,CXCL10,13.24571288
A_09_Emory_VP012,CXCL10,12.2017583
A_10_Emory_BN073,CXCL10,12.06526104
A_11_Emory_BN038,CXCL10,12.83210735
B_01_Emory_BN087,CXCL10,13.48153391
B_02_Emory_BN006,CXCL10,12.65642538
B_03_Emory_T00535,CXCL10,14.79704649
B_04_Emory_02-003BM,CXCL10,11.95629436
B_05_Emory_02-004MG,CXCL10,12.32674693
B_06_Emory_01-005DS,CXCL10,13.05774211
B_07_Emory_56-001CD,CXCL10,14.75873389
A_01_Emory_8FKM,CXCL8,11.94249631
A_02_Emory_BYYZ,CXCL8,11.27231824
A_03_Emory_VP0015,CXCL8,13.1882517
A_04_Emory_VP004,CXCL8,14.73805059
A_05_Emory_VP006,CXCL8,13.32682408
A_06_Emory_VP007,CXCL8,13.79907334
A_07_Emory_VP009,CXCL8,14.51822216
A_08_Emory_VP010,CXCL8,13.47625104
A_09_Emory_VP012,CXCL8,13.12900738
A_10_Emory_BN073,CXCL8,10.73209892
A_11_Emory_BN038,CXCL8,10.18653918
B_01_Emory_BN087,CXCL8,10.62966539
B_02_Emory_BN006,CXCL8,11.99734926
B_03_Emory_T00535,CXCL8,13.48560458
B_04_Emory_02-003BM,CXCL8,13.66958816
B_05_Emory_02-004MG,CXCL8,14.09551619
B_06_Emory_01-005DS,CXCL8,14.8324905
B_07_Emory_56-001CD,CXCL8,12.28145239
A_01_Emory_8FKM,ENO2,11.25148615
A_02_Emory_BYYZ,ENO2,12.02196492
A_03_Emory_VP0015,ENO2,15.82592281
A_04_Emory_VP004,ENO2,15.46536772
A_05_Emory_VP006,ENO2,15.3930551
A_06_Emory_VP007,ENO2,15.78113955
A_07_Emory_VP009,ENO2,15.48041146
A_08_Emory_VP010,ENO2,14.77345407
A_09_Emory_VP012,ENO2,16.03139667
A_10_Emory_BN073,ENO2,11.79089189
A_11_Emory_BN038,ENO2,12.32055218
B_01_Emory_BN087,ENO2,14.04386624
B_02_Emory_BN006,ENO2,11.49682594
B_03_Emory_T00535,ENO2,11.74349044
B_04_Emory_02-003BM,ENO2,10.25437352
B_05_Emory_02-004MG,ENO2,10.69550169
B_06_Emory_01-005DS,ENO2,10.42561101
B_07_Emory_56-001CD,ENO2,10.79926834
A_01_Emory_8FKM,FABP3,13.53519262
A_02_Emory_BYYZ,FABP3,13.08069714
A_03_Emory_VP0015,FABP3,14.14667196
A_04_Emory_VP004,FABP3,13.9460626
A_05_Emory_VP006,FABP3,14.83646519
A_06_Emory_VP007,FABP3,13.63857106
A_07_Emory_VP009,FABP3,14.52367697
A_08_Emory_VP010,FABP3,13.97893213
A_09_Emory_VP012,FABP3,13.79317435
A_10_Emory_BN073,FABP3,13.24646939
A_11_Emory_BN038,FABP3,14.07716996
B_01_Emory_BN087,FABP3,13.9086607
B_02_Emory_BN006,FABP3,14.87595282
B_03_Emory_T00535,FABP3,14.54787025
B_04_Emory_02-003BM,FABP3,13.91162509
B_05_Emory_02-004MG,FABP3,13.69619498
B_06_Emory_01-005DS,FABP3,13.67901479
B_07_Emory_56-001CD,FABP3,14.54436145
A_01_Emory_8FKM,FCN2,14.60943609
A_02_Emory_BYYZ,FCN2,12.4678677
A_03_Emory_VP0015,FCN2,14.38963944
A_04_Emory_VP004,FCN2,11.88805365
A_05_Emory_VP006,FCN2,13.22004431
A_06_Emory_VP007,FCN2,13.50805127
A_07_Emory_VP009,FCN2,14.15099008
A_08_Emory_VP010,FCN2,14.5786537
A_09_Emory_VP012,FCN2,13.9576123
A_10_Emory_BN073,FCN2,13.20929963
A_11_Emory_BN038,FCN2,12.80032652
B_01_Emory_BN087,FCN2,13.78624602
B_02_Emory_BN006,FCN2,12.38607605
B_03_Emory_T00535,FCN2,13.90757863
B_04_Emory_02-003BM,FCN2,12.47503778
B_05_Emory_02-004MG,FCN2,13.62146927
B_06_Emory_01-005DS,FCN2,13.77863616
B_07_Emory_56-001CD,FCN2,13.60771077
A_01_Emory_8FKM,FGF2,16.01995875
A_02_Emory_BYYZ,FGF2,13.6519018
A_03_Emory_VP0015,FGF2,18.53775837
A_04_Emory_VP004,FGF2,18.29376303
A_05_Emory_VP006,FGF2,18.0108393
A_06_Emory_VP007,FGF2,17.99697504
A_07_Emory_VP009,FGF2,18.25200074
A_08_Emory_VP010,FGF2,16.38238195
A_09_Emory_VP012,FGF2,18.94193443
A_10_Emory_BN073,FGF2,12.68439892
A_11_Emory_BN038,FGF2,10.32193637
B_01_Emory_BN087,FGF2,13.51160866
B_02_Emory_BN006,FGF2,12.08494971
B_03_Emory_T00535,FGF2,12.4193973
B_04_Emory_02-003BM,FGF2,11.31963246
B_05_Emory_02-004MG,FGF2,12.59197451
B_06_Emory_01-005DS,FGF2,12.51135885
B_07_Emory_56-001CD,FGF2,12.11600698
A_01_Emory_8FKM,FLT1,14.19590349
A_02_Emory_BYYZ,FLT1,15.2154209
A_03_Emory_VP0015,FLT1,14.15459267
A_04_Emory_VP004,FLT1,14.18779326
A_05_Emory_VP006,FLT1,14.02769834
A_06_Emory_VP007,FLT1,14.36619306
A_07_Emory_VP009,FLT1,14.20588461
A_08_Emory_VP010,FLT1,14.47764824
A_09_Emory_VP012,FLT1,13.85344965
A_10_Emory_BN073,FLT1,13.72123149
A_11_Emory_BN038,FLT1,14.45538964
B_01_Emory_BN087,FLT1,14.21413604
B_02_Emory_BN006,FLT1,14.06070136
B_03_Emory_T00535,FLT1,13.86019358
B_04_Emory_02-003BM,FLT1,12.31895662
B_05_Emory_02-004MG,FLT1,12.94245507
B_06_Emory_01-005DS,FLT1,12.92698504
B_07_Emory_56-001CD,FLT1,13.0227381
A_01_Emory_8FKM,FOLR1,12.94654641
A_02_Emory_BYYZ,FOLR1,12.59255453
A_03_Emory_VP0015,FOLR1,12.56170926
A_04_Emory_VP004,FOLR1,12.67622047
A_05_Emory_VP006,FOLR1,13.41249839
A_06_Emory_VP007,FOLR1,12.4601073
A_07_Emory_VP009,FOLR1,12.19748023
A_08_Emory_VP010,FOLR1,12.96100995
A_09_Emory_VP012,FOLR1,12.56676813
A_10_Emory_BN073,FOLR1,12.87495294
A_11_Emory_BN038,FOLR1,12.2419166
B_01_Emory_BN087,FOLR1,12.81282315
B_02_Emory_BN006,FOLR1,12.54910918
B_03_Emory_T00535,FOLR1,12.20660931
B_04_Emory_02-003BM,FOLR1,12.57133823
B_05_Emory_02-004MG,FOLR1,12.21553134
B_06_Emory_01-005DS,FOLR1,11.9379169
B_07_Emory_56-001CD,FOLR1,12.52816975
A_01_Emory_8FKM,GDF15,15.02037556
A_02_Emory_BYYZ,GDF15,14.62007536
A_03_Emory_VP0015,GDF15,0
A_04_Emory_VP004,GDF15,15.72063838
A_05_Emory_VP006,GDF15,14.42920968
A_06_Emory_VP007,GDF15,14.6842541
A_07_Emory_VP009,GDF15,14.16116818
A_08_Emory_VP010,GDF15,13.71445459
A_09_Emory_VP012,GDF15,13.66859193
A_10_Emory_BN073,GDF15,13.58817852
A_11_Emory_BN038,GDF15,13.99302427
B_01_Emory_BN087,GDF15,13.85179088
B_02_Emory_BN006,GDF15,14.2649306
B_03_Emory_T00535,GDF15,14.49970453
B_04_Emory_02-003BM,GDF15,14.24417193
B_05_Emory_02-004MG,GDF15,13.61167265
B_06_Emory_01-005DS,GDF15,13.94665855
B_07_Emory_56-001CD,GDF15,0
A_01_Emory_8FKM,GDI1,12.69034432
A_02_Emory_BYYZ,GDI1,12.81262999
A_03_Emory_VP0015,GDI1,13.2438336
A_04_Emory_VP004,GDI1,13.59645404
A_05_Emory_VP006,GDI1,13.48162163
A_06_Emory_VP007,GDI1,13.63277265
A_07_Emory_VP009,GDI1,13.43035786
A_08_Emory_VP010,GDI1,13.36135674
A_09_Emory_VP012,GDI1,13.46597021
A_10_Emory_BN073,GDI1,12.75302313
A_11_Emory_BN038,GDI1,12.90558376
B_01_Emory_BN087,GDI1,12.88972404
B_02_Emory_BN006,GDI1,12.56389632
B_03_Emory_T00535,GDI1,12.78660182
B_04_Emory_02-003BM,GDI1,13.01154977
B_05_Emory_02-004MG,GDI1,12.46182949
B_06_Emory_01-005DS,GDI1,12.49573089
B_07_Emory_56-001CD,GDI1,12.66158226
A_01_Emory_8FKM,GDNF,12.90740156
A_02_Emory_BYYZ,GDNF,9.74021911
A_03_Emory_VP0015,GDNF,10.20122015
A_04_Emory_VP004,GDNF,10.81559759
A_05_Emory_VP006,GDNF,19.81821852
A_06_Emory_VP007,GDNF,9.321668935
A_07_Emory_VP009,GDNF,11.52358263
A_08_Emory_VP010,GDNF,10.73236103
A_09_Emory_VP012,GDNF,11.47871464
A_10_Emory_BN073,GDNF,8.720275505
A_11_Emory_BN038,GDNF,10.9064292
B_01_Emory_BN087,GDNF,13.65709399
B_02_Emory_BN006,GDNF,14.32704651
B_03_Emory_T00535,GDNF,13.01014157
B_04_Emory_02-003BM,GDNF,14.02402193
B_05_Emory_02-004MG,GDNF,10.94173618
B_06_Emory_01-005DS,GDNF,11.12978337
B_07_Emory_56-001CD,GDNF,13.6030398
A_01_Emory_8FKM,GFAP,15.81257136
A_02_Emory_BYYZ,GFAP,14.9603586
A_03_Emory_VP0015,GFAP,14.80941943
A_04_Emory_VP004,GFAP,14.15123002
A_05_Emory_VP006,GFAP,15.39917502
A_06_Emory_VP007,GFAP,14.66883856
A_07_Emory_VP009,GFAP,14.52455835
A_08_Emory_VP010,GFAP,14.24195376
A_09_Emory_VP012,GFAP,14.35465064
A_10_Emory_BN073,GFAP,14.12321983
A_11_Emory_BN038,GFAP,15.2232967
B_01_Emory_BN087,GFAP,13.7136886
B_02_Emory_BN006,GFAP,13.31826763
B_03_Emory_T00535,GFAP,14.02562834
B_04_Emory_02-003BM,GFAP,14.70183909
B_05_Emory_02-004MG,GFAP,13.65576177
B_06_Emory_01-005DS,GFAP,14.77474905
B_07_Emory_56-001CD,GFAP,12.9947082
A_01_Emory_8FKM,GOT1,11.24212208
A_02_Emory_BYYZ,GOT1,11.4321196
A_03_Emory_VP0015,GOT1,12.29882182
A_04_Emory_VP004,GOT1,13.83289712
A_05_Emory_VP006,GOT1,12.3119084
A_06_Emory_VP007,GOT1,12.18982614
A_07_Emory_VP009,GOT1,13.83238591
A_08_Emory_VP010,GOT1,12.27555274
A_09_Emory_VP012,GOT1,12.26119067
A_10_Emory_BN073,GOT1,11.55975856
A_11_Emory_BN038,GOT1,11.00165083
B_01_Emory_BN087,GOT1,12.4958294
B_02_Emory_BN006,GOT1,12.2245751
B_03_Emory_T00535,GOT1,12.0669962
B_04_Emory_02-003BM,GOT1,11.45660819
B_05_Emory_02-004MG,GOT1,10.88364707
B_06_Emory_01-005DS,GOT1,13.61860426
B_07_Emory_56-001CD,GOT1,12.71158133
A_01_Emory_8FKM,HBA1,6.424226301
A_02_Emory_BYYZ,HBA1,8.562598998
A_03_Emory_VP0015,HBA1,8.233170116
A_04_Emory_VP004,HBA1,8.592799147
A_05_Emory_VP006,HBA1,8.199398021
A_06_Emory_VP007,HBA1,7.377046003
A_07_Emory_VP009,HBA1,8.104341964
A_08_Emory_VP010,HBA1,14.4147271
A_09_Emory_VP012,HBA1,8.447710626
A_10_Emory_BN073,HBA1,9.301193315
A_11_Emory_BN038,HBA1,9.631359992
B_01_Emory_BN087,HBA1,11.71095702
B_02_Emory_BN006,HBA1,10.51235362
B_03_Emory_T00535,HBA1,7.192121319
B_04_Emory_02-003BM,HBA1,7.116084489
B_05_Emory_02-004MG,HBA1,8.411837138
B_06_Emory_01-005DS,HBA1,8.17845556
B_07_Emory_56-001CD,HBA1,9.706955266
A_01_Emory_8FKM,HTT,14.49567213
A_02_Emory_BYYZ,HTT,14.02580325
A_03_Emory_VP0015,HTT,19.11163826
A_04_Emory_VP004,HTT,18.36976496
A_05_Emory_VP006,HTT,18.98264173
A_06_Emory_VP007,HTT,18.97088401
A_07_Emory_VP009,HTT,18.8307228
A_08_Emory_VP010,HTT,17.76073712
A_09_Emory_VP012,HTT,19.48417341
A_10_Emory_BN073,HTT,13.00393912
A_11_Emory_BN038,HTT,11.54699995
B_01_Emory_BN087,HTT,14.12574013
B_02_Emory_BN006,HTT,13.61033532
B_03_Emory_T00535,HTT,13.06611508
B_04_Emory_02-003BM,HTT,14.65068958
B_05_Emory_02-004MG,HTT,14.88859506
B_06_Emory_01-005DS,HTT,14.47609608
B_07_Emory_56-001CD,HTT,14.71186017
A_01_Emory_8FKM,ICAM1,13.10597912
A_02_Emory_BYYZ,ICAM1,12.7035785
A_03_Emory_VP0015,ICAM1,13.26633803
A_04_Emory_VP004,ICAM1,13.98228015
A_05_Emory_VP006,ICAM1,13.00860364
A_06_Emory_VP007,ICAM1,13.53166242
A_07_Emory_VP009,ICAM1,13.87529938
A_08_Emory_VP010,ICAM1,13.00316126
A_09_Emory_VP012,ICAM1,12.63471664
A_10_Emory_BN073,ICAM1,12.62367706
A_11_Emory_BN038,ICAM1,11.71940038
B_01_Emory_BN087,ICAM1,13.38046199
B_02_Emory_BN006,ICAM1,12.34563584
B_03_Emory_T00535,ICAM1,13.15006333
B_04_Emory_02-003BM,ICAM1,13.28663905
B_05_Emory_02-004MG,ICAM1,13.00803347
B_06_Emory_01-005DS,ICAM1,13.84906707
B_07_Emory_56-001CD,ICAM1,12.77971386
A_01_Emory_8FKM,IFNG,10.27100242
A_02_Emory_BYYZ,IFNG,9.096756745
A_03_Emory_VP0015,IFNG,11.05297712
A_04_Emory_VP004,IFNG,11.87380483
A_05_Emory_VP006,IFNG,10.14293433
A_06_Emory_VP007,IFNG,10.60535383
A_07_Emory_VP009,IFNG,11.20208429
A_08_Emory_VP010,IFNG,11.16741711
A_09_Emory_VP012,IFNG,10.23552215
A_10_Emory_BN073,IFNG,10.45945527
A_11_Emory_BN038,IFNG,11.27163013
B_01_Emory_BN087,IFNG,11.47901067
B_02_Emory_BN006,IFNG,11.60227243
B_03_Emory_T00535,IFNG,12.27266469
B_04_Emory_02-003BM,IFNG,9.872395808
B_05_Emory_02-004MG,IFNG,10.67201591
B_06_Emory_01-005DS,IFNG,11.0965475
B_07_Emory_56-001CD,IFNG,11.09898559
A_01_Emory_8FKM,IGF1R,13.81771416
A_02_Emory_BYYZ,IGF1R,13.71884175
A_03_Emory_VP0015,IGF1R,13.70914061
A_04_Emory_VP004,IGF1R,13.70697949
A_05_Emory_VP006,IGF1R,13.87550059
A_06_Emory_VP007,IGF1R,13.61343461
A_07_Emory_VP009,IGF1R,13.74920992
A_08_Emory_VP010,IGF1R,13.76783974
A_09_Emory_VP012,IGF1R,13.6835612
A_10_Emory_BN073,IGF1R,13.44996186
A_11_Emory_BN038,IGF1R,13.83656987
B_01_Emory_BN087,IGF1R,13.98358498
B_02_Emory_BN006,IGF1R,13.68610903
B_03_Emory_T00535,IGF1R,13.62149957
B_04_Emory_02-003BM,IGF1R,13.71287713
B_05_Emory_02-004MG,IGF1R,13.46077921
B_06_Emory_01-005DS,IGF1R,13.72561717
B_07_Emory_56-001CD,IGF1R,13.4618085
A_01_Emory_8FKM,IGFBP7,13.75280512
A_02_Emory_BYYZ,IGFBP7,13.64440986
A_03_Emory_VP0015,IGFBP7,13.44523922
A_04_Emory_VP004,IGFBP7,14.21644246
A_05_Emory_VP006,IGFBP7,13.62934365
A_06_Emory_VP007,IGFBP7,13.77253612
A_07_Emory_VP009,IGFBP7,14.12190713
A_08_Emory_VP010,IGFBP7,14.09806309
A_09_Emory_VP012,IGFBP7,13.4919894
A_10_Emory_BN073,IGFBP7,13.44336209
A_11_Emory_BN038,IGFBP7,13.45179716
B_01_Emory_BN087,IGFBP7,14.19597944
B_02_Emory_BN006,IGFBP7,13.54173048
B_03_Emory_T00535,IGFBP7,13.43809824
B_04_Emory_02-003BM,IGFBP7,13.86853982
B_05_Emory_02-004MG,IGFBP7,13.86921777
B_06_Emory_01-005DS,IGFBP7,13.70804916
B_07_Emory_56-001CD,IGFBP7,13.5581225
A_01_Emory_8FKM,IL10,12.13694057
A_02_Emory_BYYZ,IL10,12.10538508
A_03_Emory_VP0015,IL10,12.17571455
A_04_Emory_VP004,IL10,12.57781708
A_05_Emory_VP006,IL10,11.44817161
A_06_Emory_VP007,IL10,12.84086608
A_07_Emory_VP009,IL10,12.38135948
A_08_Emory_VP010,IL10,12.6129533
A_09_Emory_VP012,IL10,12.05780513
A_10_Emory_BN073,IL10,11.84087995
A_11_Emory_BN038,IL10,12.50126393
B_01_Emory_BN087,IL10,11.99954791
B_02_Emory_BN006,IL10,12.15320357
B_03_Emory_T00535,IL10,11.93905107
B_04_Emory_02-003BM,IL10,11.55671982
B_05_Emory_02-004MG,IL10,12.17404734
B_06_Emory_01-005DS,IL10,12.01619128
B_07_Emory_56-001CD,IL10,13.14318287
A_01_Emory_8FKM,IL12p70,13.17812782
A_02_Emory_BYYZ,IL12p70,13.76846736
A_03_Emory_VP0015,IL12p70,13.44008338
A_04_Emory_VP004,IL12p70,14.38567347
A_05_Emory_VP006,IL12p70,13.74416612
A_06_Emory_VP007,IL12p70,12.79061374
A_07_Emory_VP009,IL12p70,13.32320051
A_08_Emory_VP010,IL12p70,13.31787751
A_09_Emory_VP012,IL12p70,13.23562834
A_10_Emory_BN073,IL12p70,11.93318291
A_11_Emory_BN038,IL12p70,13.48368579
B_01_Emory_BN087,IL12p70,13.29288731
B_02_Emory_BN006,IL12p70,13.50178724
B_03_Emory_T00535,IL12p70,13.48121744
B_04_Emory_02-003BM,IL12p70,12.96317334
B_05_Emory_02-004MG,IL12p70,12.94854724
B_06_Emory_01-005DS,IL12p70,13.31025909
B_07_Emory_56-001CD,IL12p70,13.70164825
A_01_Emory_8FKM,IL13,13.41811906
A_02_Emory_BYYZ,IL13,13.5769364
A_03_Emory_VP0015,IL13,14.30319746
A_04_Emory_VP004,IL13,14.93491227
A_05_Emory_VP006,IL13,15.02025592
A_06_Emory_VP007,IL13,13.78630136
A_07_Emory_VP009,IL13,14.20992612
A_08_Emory_VP010,IL13,13.16944496
A_09_Emory_VP012,IL13,12.93648085
A_10_Emory_BN073,IL13,13.38391649
A_11_Emory_BN038,IL13,12.23365979
B_01_Emory_BN087,IL13,13.89925819
B_02_Emory_BN006,IL13,13.97556971
B_03_Emory_T00535,IL13,13.1711577
B_04_Emory_02-003BM,IL13,13.51480843
B_05_Emory_02-004MG,IL13,14.11532527
B_06_Emory_01-005DS,IL13,12.96491267
B_07_Emory_56-001CD,IL13,17.71690988
A_01_Emory_8FKM,IL15,13.44007361
A_02_Emory_BYYZ,IL15,13.32455529
A_03_Emory_VP0015,IL15,13.50489329
A_04_Emory_VP004,IL15,13.29235698
A_05_Emory_VP006,IL15,13.32777335
A_06_Emory_VP007,IL15,13.05299924
A_07_Emory_VP009,IL15,14.46405491
A_08_Emory_VP010,IL15,13.92651205
A_09_Emory_VP012,IL15,12.87353868
A_10_Emory_BN073,IL15,13.06503856
A_11_Emory_BN038,IL15,13.44724794
B_01_Emory_BN087,IL15,13.14860869
B_02_Emory_BN006,IL15,13.05363135
B_03_Emory_T00535,IL15,13.33669868
B_04_Emory_02-003BM,IL15,14.01165464
B_05_Emory_02-004MG,IL15,13.49027677
B_06_Emory_01-005DS,IL15,12.80392
B_07_Emory_56-001CD,IL15,13.01837363
A_01_Emory_8FKM,IL16,13.0535119
A_02_Emory_BYYZ,IL16,13.40656907
A_03_Emory_VP0015,IL16,15.72486667
A_04_Emory_VP004,IL16,18.50087225
A_05_Emory_VP006,IL16,16.71805872
A_06_Emory_VP007,IL16,13.87290121
A_07_Emory_VP009,IL16,17.05433673
A_08_Emory_VP010,IL16,13.60560544
A_09_Emory_VP012,IL16,17.00510773
A_10_Emory_BN073,IL16,13.37532129
A_11_Emory_BN038,IL16,13.81461393
B_01_Emory_BN087,IL16,13.75714003
B_02_Emory_BN006,IL16,13.14100097
B_03_Emory_T00535,IL16,13.91346696
B_04_Emory_02-003BM,IL16,14.53329689
B_05_Emory_02-004MG,IL16,14.62873288
B_06_Emory_01-005DS,IL16,15.13757293
B_07_Emory_56-001CD,IL16,14.60055826
A_01_Emory_8FKM,IL17A,12.93682363
A_02_Emory_BYYZ,IL17A,12.34649787
A_03_Emory_VP0015,IL17A,12.14850139
A_04_Emory_VP004,IL17A,12.27005876
A_05_Emory_VP006,IL17A,11.72126237
A_06_Emory_VP007,IL17A,12.27501285
A_07_Emory_VP009,IL17A,12.14939737
A_08_Emory_VP010,IL17A,12.05370089
A_09_Emory_VP012,IL17A,11.7414651
A_10_Emory_BN073,IL17A,11.03629227
A_11_Emory_BN038,IL17A,12.01330223
B_01_Emory_BN087,IL17A,13.12357383
B_02_Emory_BN006,IL17A,11.42474095
B_03_Emory_T00535,IL17A,18.15448212
B_04_Emory_02-003BM,IL17A,11.8141718
B_05_Emory_02-004MG,IL17A,12.7542683
B_06_Emory_01-005DS,IL17A,11.53491197
B_07_Emory_56-001CD,IL17A,15.64974659
A_01_Emory_8FKM,IL18,13.36943073
A_02_Emory_BYYZ,IL18,12.79479762
A_03_Emory_VP0015,IL18,16.38623299
A_04_Emory_VP004,IL18,15.67701205
A_05_Emory_VP006,IL18,16.88213992
A_06_Emory_VP007,IL18,16.75876942
A_07_Emory_VP009,IL18,16.12050613
A_08_Emory_VP010,IL18,16.0009672
A_09_Emory_VP012,IL18,16.22532212
A_10_Emory_BN073,IL18,10.92704957
A_11_Emory_BN038,IL18,11.97223164
B_01_Emory_BN087,IL18,12.82127235
B_02_Emory_BN006,IL18,12.49706008
B_03_Emory_T00535,IL18,11.66839636
B_04_Emory_02-003BM,IL18,13.56846524
B_05_Emory_02-004MG,IL18,14.25932998
B_06_Emory_01-005DS,IL18,15.13971786
B_07_Emory_56-001CD,IL18,13.9009717
A_01_Emory_8FKM,IL1B,11.14937878
A_02_Emory_BYYZ,IL1B,10.37753586
A_03_Emory_VP0015,IL1B,13.59989576
A_04_Emory_VP004,IL1B,12.96637729
A_05_Emory_VP006,IL1B,12.8860854
A_06_Emory_VP007,IL1B,13.26327417
A_07_Emory_VP009,IL1B,13.29984651
A_08_Emory_VP010,IL1B,12.60285408
A_09_Emory_VP012,IL1B,13.33935446
A_10_Emory_BN073,IL1B,10.82321597
A_11_Emory_BN038,IL1B,11.15979604
B_01_Emory_BN087,IL1B,15.10648939
B_02_Emory_BN006,IL1B,10.24795932
B_03_Emory_T00535,IL1B,10.43019177
B_04_Emory_02-003BM,IL1B,10.93260332
B_05_Emory_02-004MG,IL1B,11.85212312
B_06_Emory_01-005DS,IL1B,11.74085379
B_07_Emory_56-001CD,IL1B,11.13181172
A_01_Emory_8FKM,IL2,13.09074446
A_02_Emory_BYYZ,IL2,13.52582687
A_03_Emory_VP0015,IL2,13.00149069
A_04_Emory_VP004,IL2,13.78660468
A_05_Emory_VP006,IL2,13.12324655
A_06_Emory_VP007,IL2,13.51387036
A_07_Emory_VP009,IL2,13.49904494
A_08_Emory_VP010,IL2,13.25669762
A_09_Emory_VP012,IL2,12.60102952
A_10_Emory_BN073,IL2,12.74123076
A_11_Emory_BN038,IL2,13.39986526
B_01_Emory_BN087,IL2,12.50096287
B_02_Emory_BN006,IL2,12.25304132
B_03_Emory_T00535,IL2,12.74519447
B_04_Emory_02-003BM,IL2,12.05391185
B_05_Emory_02-004MG,IL2,13.37544986
B_06_Emory_01-005DS,IL2,13.24707175
B_07_Emory_56-001CD,IL2,13.32988649
A_01_Emory_8FKM,IL33,12.78249073
A_02_Emory_BYYZ,IL33,12.21669177
A_03_Emory_VP0015,IL33,12.40283399
A_04_Emory_VP004,IL33,13.37431516
A_05_Emory_VP006,IL33,12.76711924
A_06_Emory_VP007,IL33,12.67607904
A_07_Emory_VP009,IL33,13.00315927
A_08_Emory_VP010,IL33,12.83517204
A_09_Emory_VP012,IL33,12.36774532
A_10_Emory_BN073,IL33,12.2480206
A_11_Emory_BN038,IL33,13.24933051
B_01_Emory_BN087,IL33,12.78364006
B_02_Emory_BN006,IL33,12.59454115
B_03_Emory_T00535,IL33,12.97044153
B_04_Emory_02-003BM,IL33,12.56709811
B_05_Emory_02-004MG,IL33,12.5846349
B_06_Emory_01-005DS,IL33,12.32656628
B_07_Emory_56-001CD,IL33,12.5706932
A_01_Emory_8FKM,IL4,12.77018886
A_02_Emory_BYYZ,IL4,12.24637151
A_03_Emory_VP0015,IL4,12.88123222
A_04_Emory_VP004,IL4,15.82885339
A_05_Emory_VP006,IL4,12.95796915
A_06_Emory_VP007,IL4,13.60981689
A_07_Emory_VP009,IL4,14.65399207
A_08_Emory_VP010,IL4,12.100048
A_09_Emory_VP012,IL4,12.66859019
A_10_Emory_BN073,IL4,13.81275592
A_11_Emory_BN038,IL4,12.43173982
B_01_Emory_BN087,IL4,13.44260756
B_02_Emory_BN006,IL4,12.48298201
B_03_Emory_T00535,IL4,12.1771172
B_04_Emory_02-003BM,IL4,13.79845823
B_05_Emory_02-004MG,IL4,13.99115351
B_06_Emory_01-005DS,IL4,14.23740149
B_07_Emory_56-001CD,IL4,13.89242877
A_01_Emory_8FKM,IL5,13.79354936
A_02_Emory_BYYZ,IL5,13.47639129
A_03_Emory_VP0015,IL5,13.74016383
A_04_Emory_VP004,IL5,14.04273093
A_05_Emory_VP006,IL5,13.57487486
A_06_Emory_VP007,IL5,15.05715479
A_07_Emory_VP009,IL5,13.16654346
A_08_Emory_VP010,IL5,13.00358435
A_09_Emory_VP012,IL5,11.54542647
A_10_Emory_BN073,IL5,11.73708428
A_11_Emory_BN038,IL5,13.6585749
B_01_Emory_BN087,IL5,13.59938883
B_02_Emory_BN006,IL5,14.30402846
B_03_Emory_T00535,IL5,12.36735717
B_04_Emory_02-003BM,IL5,12.42559304
B_05_Emory_02-004MG,IL5,12.29167753
B_06_Emory_01-005DS,IL5,12.70322874
B_07_Emory_56-001CD,IL5,12.73359171
A_01_Emory_8FKM,IL6,13.62705445
A_02_Emory_BYYZ,IL6,11.57722853
A_03_Emory_VP0015,IL6,13.21163903
A_04_Emory_VP004,IL6,14.38407282
A_05_Emory_VP006,IL6,13.22829819
A_06_Emory_VP007,IL6,13.74673099
A_07_Emory_VP009,IL6,13.90089875
A_08_Emory_VP010,IL6,12.70561359
A_09_Emory_VP012,IL6,11.41145443
A_10_Emory_BN073,IL6,11.5707372
A_11_Emory_BN038,IL6,13.15706588
B_01_Emory_BN087,IL6,13.0446325
B_02_Emory_BN006,IL6,12.27448277
B_03_Emory_T00535,IL6,12.96967192
B_04_Emory_02-003BM,IL6,11.19226033
B_05_Emory_02-004MG,IL6,12.78715443
B_06_Emory_01-005DS,IL6,13.31139484
B_07_Emory_56-001CD,IL6,12.59649883
A_01_Emory_8FKM,IL6R,13.57336516
A_02_Emory_BYYZ,IL6R,13.90256696
A_03_Emory_VP0015,IL6R,13.63314902
A_04_Emory_VP004,IL6R,13.96903477
A_05_Emory_VP006,IL6R,13.70443899
A_06_Emory_VP007,IL6R,13.41039251
A_07_Emory_VP009,IL6R,14.04999682
A_08_Emory_VP010,IL6R,13.90903433
A_09_Emory_VP012,IL6R,13.13499905
A_10_Emory_BN073,IL6R,13.50465202
A_11_Emory_BN038,IL6R,13.85318241
B_01_Emory_BN087,IL6R,14.20055192
B_02_Emory_BN006,IL6R,12.85938975
B_03_Emory_T00535,IL6R,13.61150502
B_04_Emory_02-003BM,IL6R,13.01502308
B_05_Emory_02-004MG,IL6R,13.18652886
B_06_Emory_01-005DS,IL6R,13.69764646
B_07_Emory_56-001CD,IL6R,11.32052814
A_01_Emory_8FKM,IL7,14.4698136
A_02_Emory_BYYZ,IL7,13.55697523
A_03_Emory_VP0015,IL7,16.97946036
A_04_Emory_VP004,IL7,14.87605513
A_05_Emory_VP006,IL7,15.78233044
A_06_Emory_VP007,IL7,16.90894771
A_07_Emory_VP009,IL7,16.76394752
A_08_Emory_VP010,IL7,15.57229404
A_09_Emory_VP012,IL7,16.34396872
A_10_Emory_BN073,IL7,11.18019867
A_11_Emory_BN038,IL7,11.17629493
B_01_Emory_BN087,IL7,12.96793565
B_02_Emory_BN006,IL7,11.77644284
B_03_Emory_T00535,IL7,13.79969418
B_04_Emory_02-003BM,IL7,14.99659348
B_05_Emory_02-004MG,IL7,15.72950474
B_06_Emory_01-005DS,IL7,15.49482013
B_07_Emory_56-001CD,IL7,15.38268056
A_01_Emory_8FKM,IL9,12.97481939
A_02_Emory_BYYZ,IL9,13.60013729
A_03_Emory_VP0015,IL9,13.78576476
A_04_Emory_VP004,IL9,15.02462273
A_05_Emory_VP006,IL9,14.71472738
A_06_Emory_VP007,IL9,14.58247921
A_07_Emory_VP009,IL9,13.25630989
A_08_Emory_VP010,IL9,13.22152606
A_09_Emory_VP012,IL9,13.90887999
A_10_Emory_BN073,IL9,12.48597587
A_11_Emory_BN038,IL9,11.42173139
B_01_Emory_BN087,IL9,13.50980955
B_02_Emory_BN006,IL9,12.68207796
B_03_Emory_T00535,IL9,13.12829
B_04_Emory_02-003BM,IL9,12.80440507
B_05_Emory_02-004MG,IL9,14.36144345
B_06_Emory_01-005DS,IL9,12.89754371
B_07_Emory_56-001CD,IL9,12.81593366
A_01_Emory_8FKM,KDR,7.504393551
A_02_Emory_BYYZ,KDR,13.80991554
A_03_Emory_VP0015,KDR,7.704876768
A_04_Emory_VP004,KDR,13.4766145
A_05_Emory_VP006,KDR,12.73631576
A_06_Emory_VP007,KDR,14.00544532
A_07_Emory_VP009,KDR,12.8198596
A_08_Emory_VP010,KDR,14.30725607
A_09_Emory_VP012,KDR,13.9056511
A_10_Emory_BN073,KDR,13.93006448
A_11_Emory_BN038,KDR,7.029284638
B_01_Emory_BN087,KDR,13.18727462
B_02_Emory_BN006,KDR,12.96145553
B_03_Emory_T00535,KDR,14.12490943
B_04_Emory_02-003BM,KDR,13.53882028
B_05_Emory_02-004MG,KDR,13.80615456
B_06_Emory_01-005DS,KDR,13.74490022
B_07_Emory_56-001CD,KDR,13.75255304
A_01_Emory_8FKM,KLK6,13.07050741
A_02_Emory_BYYZ,KLK6,13.44338687
A_03_Emory_VP0015,KLK6,12.86190825
A_04_Emory_VP004,KLK6,13.38113158
A_05_Emory_VP006,KLK6,13.04904522
A_06_Emory_VP007,KLK6,13.15919563
A_07_Emory_VP009,KLK6,13.58364194
A_08_Emory_VP010,KLK6,13.44946098
A_09_Emory_VP012,KLK6,12.85243808
A_10_Emory_BN073,KLK6,13.04413168
A_11_Emory_BN038,KLK6,13.47818846
B_01_Emory_BN087,KLK6,12.88265045
B_02_Emory_BN006,KLK6,12.6336451
B_03_Emory_T00535,KLK6,13.25021614
B_04_Emory_02-003BM,KLK6,12.95662464
B_05_Emory_02-004MG,KLK6,12.62679619
B_06_Emory_01-005DS,KLK6,12.68605133
B_07_Emory_56-001CD,KLK6,12.72029514
A_01_Emory_8FKM,MAPT,12.6208965
A_02_Emory_BYYZ,MAPT,12.59846781
A_03_Emory_VP0015,MAPT,13.59471031
A_04_Emory_VP004,MAPT,14.61037755
A_05_Emory_VP006,MAPT,14.47819966
A_06_Emory_VP007,MAPT,12.77814
A_07_Emory_VP009,MAPT,14.99918511
A_08_Emory_VP010,MAPT,13.60499604
A_09_Emory_VP012,MAPT,14.27442706
A_10_Emory_BN073,MAPT,12.95619739
A_11_Emory_BN038,MAPT,14.12155661
B_01_Emory_BN087,MAPT,12.54153959
B_02_Emory_BN006,MAPT,14.64220713
B_03_Emory_T00535,MAPT,13.58336526
B_04_Emory_02-003BM,MAPT,13.49052587
B_05_Emory_02-004MG,MAPT,12.21009008
B_06_Emory_01-005DS,MAPT,12.12524374
B_07_Emory_56-001CD,MAPT,11.33501086
A_01_Emory_8FKM,MDH1,12.54826058
A_02_Emory_BYYZ,MDH1,13.13902475
A_03_Emory_VP0015,MDH1,15.79624544
A_04_Emory_VP004,MDH1,15.8482832
A_05_Emory_VP006,MDH1,15.76167844
A_06_Emory_VP007,MDH1,15.76241434
A_07_Emory_VP009,MDH1,15.79976935
A_08_Emory_VP010,MDH1,15.28512879
A_09_Emory_VP012,MDH1,15.86700893
A_10_Emory_BN073,MDH1,12.3195599
A_11_Emory_BN038,MDH1,11.62988411
B_01_Emory_BN087,MDH1,13.82760798
B_02_Emory_BN006,MDH1,12.6524788
B_03_Emory_T00535,MDH1,12.57609935
B_04_Emory_02-003BM,MDH1,12.64503184
B_05_Emory_02-004MG,MDH1,13.27748418
B_06_Emory_01-005DS,MDH1,14.03464062
B_07_Emory_56-001CD,MDH1,14.1804865
A_01_Emory_8FKM,MME,10.2243661
A_02_Emory_BYYZ,MME,9.051162154
A_03_Emory_VP0015,MME,8.744311179
A_04_Emory_VP004,MME,12.59379353
A_05_Emory_VP006,MME,11.96096269
A_06_Emory_VP007,MME,12.19111666
A_07_Emory_VP009,MME,13.17610618
A_08_Emory_VP010,MME,8.965376516
A_09_Emory_VP012,MME,8.668454948
A_10_Emory_BN073,MME,7.206066039
A_11_Emory_BN038,MME,12.29671813
B_01_Emory_BN087,MME,11.61346116
B_02_Emory_BN006,MME,11.13973648
B_03_Emory_T00535,MME,14.59934784
B_04_Emory_02-003BM,MME,8.492966899
B_05_Emory_02-004MG,MME,6.883011743
B_06_Emory_01-005DS,MME,10.75958591
B_07_Emory_56-001CD,MME,11.53688301
A_01_Emory_8FKM,MSLN,13.97207823
A_02_Emory_BYYZ,MSLN,12.90639542
A_03_Emory_VP0015,MSLN,12.31026949
A_04_Emory_VP004,MSLN,12.69651563
A_05_Emory_VP006,MSLN,13.44258331
A_06_Emory_VP007,MSLN,13.40138503
A_07_Emory_VP009,MSLN,12.41025853
A_08_Emory_VP010,MSLN,13.69723285
A_09_Emory_VP012,MSLN,12.37152461
A_10_Emory_BN073,MSLN,12.86891921
A_11_Emory_BN038,MSLN,14.90709096
B_01_Emory_BN087,MSLN,12.93005026
B_02_Emory_BN006,MSLN,12.5214374
B_03_Emory_T00535,MSLN,13.64186815
B_04_Emory_02-003BM,MSLN,14.362558
B_05_Emory_02-004MG,MSLN,12.96236281
B_06_Emory_01-005DS,MSLN,11.81014889
B_07_Emory_56-001CD,MSLN,14.11338148
A_01_Emory_8FKM,NEFH,18.4991696
A_02_Emory_BYYZ,NEFH,16.01898145
A_03_Emory_VP0015,NEFH,18.53892747
A_04_Emory_VP004,NEFH,15.08959795
A_05_Emory_VP006,NEFH,15.23904543
A_06_Emory_VP007,NEFH,17.2381663
A_07_Emory_VP009,NEFH,18.58816142
A_08_Emory_VP010,NEFH,18.61449354
A_09_Emory_VP012,NEFH,19.3526452
A_10_Emory_BN073,NEFH,15.81699205
A_11_Emory_BN038,NEFH,19.92405072
B_01_Emory_BN087,NEFH,21.76112463
B_02_Emory_BN006,NEFH,13.7169693
B_03_Emory_T00535,NEFH,18.20978746
B_04_Emory_02-003BM,NEFH,15.62171049
B_05_Emory_02-004MG,NEFH,16.89434163
B_06_Emory_01-005DS,NEFH,15.1816192
B_07_Emory_56-001CD,NEFH,15.07424933
A_01_Emory_8FKM,NEFL,15.77631488
A_02_Emory_BYYZ,NEFL,14.23708138
A_03_Emory_VP0015,NEFL,13.97793274
A_04_Emory_VP004,NEFL,14.41208088
A_05_Emory_VP006,NEFL,14.67895946
A_06_Emory_VP007,NEFL,14.4767245
A_07_Emory_VP009,NEFL,14.09246249
A_08_Emory_VP010,NEFL,14.34686191
A_09_Emory_VP012,NEFL,14.36002948
A_10_Emory_BN073,NEFL,13.77615
A_11_Emory_BN038,NEFL,14.6993646
B_01_Emory_BN087,NEFL,15.90555514
B_02_Emory_BN006,NEFL,13.24235845
B_03_Emory_T00535,NEFL,14.03456549
B_04_Emory_02-003BM,NEFL,13.84375495
B_05_Emory_02-004MG,NEFL,13.70930405
B_06_Emory_01-005DS,NEFL,13.57639554
B_07_Emory_56-001CD,NEFL,13.29674331
A_01_Emory_8FKM,NGF,9.794585695
A_02_Emory_BYYZ,NGF,9.028295358
A_03_Emory_VP0015,NGF,9.622403663
A_04_Emory_VP004,NGF,9.771409731
A_05_Emory_VP006,NGF,9.015666466
A_06_Emory_VP007,NGF,9.670002742
A_07_Emory_VP009,NGF,10.45791063
A_08_Emory_VP010,NGF,9.019677984
A_09_Emory_VP012,NGF,9.322644012
A_10_Emory_BN073,NGF,9.054414877
A_11_Emory_BN038,NGF,9.753019397
B_01_Emory_BN087,NGF,10.30634635
B_02_Emory_BN006,NGF,9.160521912
B_03_Emory_T00535,NGF,9.597984066
B_04_Emory_02-003BM,NGF,9.004705469
B_05_Emory_02-004MG,NGF,9.209540109
B_06_Emory_01-005DS,NGF,9.274929112
B_07_Emory_56-001CD,NGF,8.55659035
A_01_Emory_8FKM,NPTX1,14.92836487
A_02_Emory_BYYZ,NPTX1,13.72937733
A_03_Emory_VP0015,NPTX1,13.81746179
A_04_Emory_VP004,NPTX1,13.65541236
A_05_Emory_VP006,NPTX1,13.75236084
A_06_Emory_VP007,NPTX1,13.4458537
A_07_Emory_VP009,NPTX1,13.84122324
A_08_Emory_VP010,NPTX1,13.8895985
A_09_Emory_VP012,NPTX1,13.50847993
A_10_Emory_BN073,NPTX1,14.27682513
A_11_Emory_BN038,NPTX1,13.16756053
B_01_Emory_BN087,NPTX1,13.95551268
B_02_Emory_BN006,NPTX1,13.68533479
B_03_Emory_T00535,NPTX1,14.25279266
B_04_Emory_02-003BM,NPTX1,13.67883579
B_05_Emory_02-004MG,NPTX1,13.7481176
B_06_Emory_01-005DS,NPTX1,13.28270422
B_07_Emory_56-001CD,NPTX1,13.2305359
A_01_Emory_8FKM,NPTX2,14.32351842
A_02_Emory_BYYZ,NPTX2,13.91422135
A_03_Emory_VP0015,NPTX2,13.17654594
A_04_Emory_VP004,NPTX2,13.82578379
A_05_Emory_VP006,NPTX2,13.6276023
A_06_Emory_VP007,NPTX2,14.20613799
A_07_Emory_VP009,NPTX2,14.2723786
A_08_Emory_VP010,NPTX2,13.67472374
A_09_Emory_VP012,NPTX2,13.84001508
A_10_Emory_BN073,NPTX2,13.47088438
A_11_Emory_BN038,NPTX2,14.17178153
B_01_Emory_BN087,NPTX2,14.22727478
B_02_Emory_BN006,NPTX2,13.66001449
B_03_Emory_T00535,NPTX2,13.61346905
B_04_Emory_02-003BM,NPTX2,13.46080055
B_05_Emory_02-004MG,NPTX2,13.20384067
B_06_Emory_01-005DS,NPTX2,13.62527874
B_07_Emory_56-001CD,NPTX2,13.61899565
A_01_Emory_8FKM,NPTXR,11.57156423
A_02_Emory_BYYZ,NPTXR,11.89709268
A_03_Emory_VP0015,NPTXR,12.22348776
A_04_Emory_VP004,NPTXR,11.84914056
A_05_Emory_VP006,NPTXR,12.27751806
A_06_Emory_VP007,NPTXR,11.31645291
A_07_Emory_VP009,NPTXR,11.38529225
A_08_Emory_VP010,NPTXR,12.05965613
A_09_Emory_VP012,NPTXR,11.74581302
A_10_Emory_BN073,NPTXR,12.04275994
A_11_Emory_BN038,NPTXR,12.20608861
B_01_Emory_BN087,NPTXR,11.39652726
B_02_Emory_BN006,NPTXR,11.51271878
B_03_Emory_T00535,NPTXR,12.2501271
B_04_Emory_02-003BM,NPTXR,11.68807189
B_05_Emory_02-004MG,NPTXR,11.57107958
B_06_Emory_01-005DS,NPTXR,11.26657377
B_07_Emory_56-001CD,NPTXR,12.87898488
A_01_Emory_8FKM,NPY,14.10118939
A_02_Emory_BYYZ,NPY,14.18064632
A_03_Emory_VP0015,NPY,14.88665339
A_04_Emory_VP004,NPY,14.33826398
A_05_Emory_VP006,NPY,14.36194099
A_06_Emory_VP007,NPY,15.13901939
A_07_Emory_VP009,NPY,13.56524325
A_08_Emory_VP010,NPY,15.50828295
A_09_Emory_VP012,NPY,14.56376764
A_10_Emory_BN073,NPY,14.51236555
A_11_Emory_BN038,NPY,14.8878593
B_01_Emory_BN087,NPY,14.40414998
B_02_Emory_BN006,NPY,14.82404198
B_03_Emory_T00535,NPY,14.6814861
B_04_Emory_02-003BM,NPY,13.00696367
B_05_Emory_02-004MG,NPY,10.82321341
B_06_Emory_01-005DS,NPY,10.30636628
B_07_Emory_56-001CD,NPY,11.11349044
A_01_Emory_8FKM,NRGN,18.03904023
A_02_Emory_BYYZ,NRGN,16.69583408
A_03_Emory_VP0015,NRGN,21.69860005
A_04_Emory_VP004,NRGN,21.14679306
A_05_Emory_VP006,NRGN,21.56240873
A_06_Emory_VP007,NRGN,21.58326931
A_07_Emory_VP009,NRGN,21.54132771
A_08_Emory_VP010,NRGN,21.08498775
A_09_Emory_VP012,NRGN,21.56612704
A_10_Emory_BN073,NRGN,13.36589273
A_11_Emory_BN038,NRGN,9.946753235
B_01_Emory_BN087,NRGN,15.56516585
B_02_Emory_BN006,NRGN,14.51021994
B_03_Emory_T00535,NRGN,14.17225496
B_04_Emory_02-003BM,NRGN,13.82306137
B_05_Emory_02-004MG,NRGN,14.30006302
B_06_Emory_01-005DS,NRGN,14.728351
B_07_Emory_56-001CD,NRGN,11.43998402
A_01_Emory_8FKM,Oligo-SNCA,15.0413131
A_02_Emory_BYYZ,Oligo-SNCA,15.26935701
A_03_Emory_VP0015,Oligo-SNCA,22.45620806
A_04_Emory_VP004,Oligo-SNCA,22.70704013
A_05_Emory_VP006,Oligo-SNCA,22.44005777
A_06_Emory_VP007,Oligo-SNCA,23.0450624
A_07_Emory_VP009,Oligo-SNCA,22.46104735
A_08_Emory_VP010,Oligo-SNCA,21.03614942
A_09_Emory_VP012,Oligo-SNCA,22.98004158
A_10_Emory_BN073,Oligo-SNCA,13.17164586
A_11_Emory_BN038,Oligo-SNCA,12.19192818
B_01_Emory_BN087,Oligo-SNCA,15.94012176
B_02_Emory_BN006,Oligo-SNCA,15.85822609
B_03_Emory_T00535,Oligo-SNCA,13.30810763
B_04_Emory_02-003BM,Oligo-SNCA,12.48414642
B_05_Emory_02-004MG,Oligo-SNCA,13.39206021
B_06_Emory_01-005DS,Oligo-SNCA,13.11475017
B_07_Emory_56-001CD,Oligo-SNCA,16.27840156
A_01_Emory_8FKM,PARK7,11.73869524
A_02_Emory_BYYZ,PARK7,12.66195794
A_03_Emory_VP0015,PARK7,16.82687486
A_04_Emory_VP004,PARK7,18.7611781
A_05_Emory_VP006,PARK7,15.42984757
A_06_Emory_VP007,PARK7,16.9828232
A_07_Emory_VP009,PARK7,18.10157169
A_08_Emory_VP010,PARK7,14.78520093
A_09_Emory_VP012,PARK7,18.19907594
A_10_Emory_BN073,PARK7,11.08273472
A_11_Emory_BN038,PARK7,10.91801808
B_01_Emory_BN087,PARK7,11.93954265
B_02_Emory_BN006,PARK7,12.27368496
B_03_Emory_T00535,PARK7,11.4898212
B_04_Emory_02-003BM,PARK7,13.98875106
B_05_Emory_02-004MG,PARK7,17.63838649
B_06_Emory_01-005DS,PARK7,17.29971216
B_07_Emory_56-001CD,PARK7,17.59235997
A_01_Emory_8FKM,PDGFRB,14.37304317
A_02_Emory_BYYZ,PDGFRB,13.45991512
A_03_Emory_VP0015,PDGFRB,13.57528483
A_04_Emory_VP004,PDGFRB,13.77926743
A_05_Emory_VP006,PDGFRB,14.23465979
A_06_Emory_VP007,PDGFRB,13.68580564
A_07_Emory_VP009,PDGFRB,13.55416058
A_08_Emory_VP010,PDGFRB,14.34613642
A_09_Emory_VP012,PDGFRB,12.23502907
A_10_Emory_BN073,PDGFRB,13.75258203
A_11_Emory_BN038,PDGFRB,13.66583179
B_01_Emory_BN087,PDGFRB,13.56458658
B_02_Emory_BN006,PDGFRB,13.64182365
B_03_Emory_T00535,PDGFRB,13.90987512
B_04_Emory_02-003BM,PDGFRB,13.62781857
B_05_Emory_02-004MG,PDGFRB,13.45036135
B_06_Emory_01-005DS,PDGFRB,13.84987136
B_07_Emory_56-001CD,PDGFRB,14.25806969
A_01_Emory_8FKM,PDLIM5,10.69905527
A_02_Emory_BYYZ,PDLIM5,12.52814008
A_03_Emory_VP0015,PDLIM5,13.53512109
A_04_Emory_VP004,PDLIM5,13.5998865
A_05_Emory_VP006,PDLIM5,12.14039744
A_06_Emory_VP007,PDLIM5,13.01589776
A_07_Emory_VP009,PDLIM5,14.77519641
A_08_Emory_VP010,PDLIM5,11.10532019
A_09_Emory_VP012,PDLIM5,18.12025345
A_10_Emory_BN073,PDLIM5,10.20301586
A_11_Emory_BN038,PDLIM5,11.11042852
B_01_Emory_BN087,PDLIM5,16.47388417
B_02_Emory_BN006,PDLIM5,13.70635246
B_03_Emory_T00535,PDLIM5,13.40159984
B_04_Emory_02-003BM,PDLIM5,10.57389095
B_05_Emory_02-004MG,PDLIM5,11.7693111
B_06_Emory_01-005DS,PDLIM5,13.55152476
B_07_Emory_56-001CD,PDLIM5,13.01397033
A_01_Emory_8FKM,PGF,14.02203238
A_02_Emory_BYYZ,PGF,13.60592411
A_03_Emory_VP0015,PGF,14.0250578
A_04_Emory_VP004,PGF,13.8393724
A_05_Emory_VP006,PGF,13.66759175
A_06_Emory_VP007,PGF,14.02755783
A_07_Emory_VP009,PGF,14.41818391
A_08_Emory_VP010,PGF,13.93497336
A_09_Emory_VP012,PGF,14.39006874
A_10_Emory_BN073,PGF,13.7408743
A_11_Emory_BN038,PGF,14.53605612
B_01_Emory_BN087,PGF,14.27144943
B_02_Emory_BN006,PGF,13.55431616
B_03_Emory_T00535,PGF,13.49646009
B_04_Emory_02-003BM,PGF,13.82933782
B_05_Emory_02-004MG,PGF,13.91748198
B_06_Emory_01-005DS,PGF,13.94052139
B_07_Emory_56-001CD,PGF,14.05329608
A_01_Emory_8FKM,PGK1,14.14309505
A_02_Emory_BYYZ,PGK1,13.9298214
A_03_Emory_VP0015,PGK1,20.13476226
A_04_Emory_VP004,PGK1,20.20850251
A_05_Emory_VP006,PGK1,19.83756686
A_06_Emory_VP007,PGK1,20.13556175
A_07_Emory_VP009,PGK1,20.02091953
A_08_Emory_VP010,PGK1,18.281607
A_09_Emory_VP012,PGK1,20.52999905
A_10_Emory_BN073,PGK1,11.86137099
A_11_Emory_BN038,PGK1,11.08653561
B_01_Emory_BN087,PGK1,14.52636917
B_02_Emory_BN006,PGK1,12.47406778
B_03_Emory_T00535,PGK1,12.16897478
B_04_Emory_02-003BM,PGK1,13.81138301
B_05_Emory_02-004MG,PGK1,16.28765768
B_06_Emory_01-005DS,PGK1,16.08543843
B_07_Emory_56-001CD,PGK1,15.25096286
A_01_Emory_8FKM,POSTN,14.73851591
A_02_Emory_BYYZ,POSTN,13.96345524
A_03_Emory_VP0015,POSTN,14.13392446
A_04_Emory_VP004,POSTN,13.73241313
A_05_Emory_VP006,POSTN,14.10632406
A_06_Emory_VP007,POSTN,12.99207519
A_07_Emory_VP009,POSTN,13.47807771
A_08_Emory_VP010,POSTN,14.22854522
A_09_Emory_VP012,POSTN,14.00248501
A_10_Emory_BN073,POSTN,14.49092517
A_11_Emory_BN038,POSTN,13.73556319
B_01_Emory_BN087,POSTN,13.87038098
B_02_Emory_BN006,POSTN,13.80508893
B_03_Emory_T00535,POSTN,14.80949872
B_04_Emory_02-003BM,POSTN,13.59064078
B_05_Emory_02-004MG,POSTN,11.91469986
B_06_Emory_01-005DS,POSTN,10.66475103
B_07_Emory_56-001CD,POSTN,12.70359428
A_01_Emory_8FKM,PRDX6,10.74025459
A_02_Emory_BYYZ,PRDX6,11.78829388
A_03_Emory_VP0015,PRDX6,13.51726526
A_04_Emory_VP004,PRDX6,13.48310918
A_05_Emory_VP006,PRDX6,13.13172182
A_06_Emory_VP007,PRDX6,13.60147213
A_07_Emory_VP009,PRDX6,13.75420212
A_08_Emory_VP010,PRDX6,13.16675734
A_09_Emory_VP012,PRDX6,13.73955639
A_10_Emory_BN073,PRDX6,10.67238146
A_11_Emory_BN038,PRDX6,9.923323928
B_01_Emory_BN087,PRDX6,12.28696505
B_02_Emory_BN006,PRDX6,11.26713827
B_03_Emory_T00535,PRDX6,11.07498919
B_04_Emory_02-003BM,PRDX6,11.68021281
B_05_Emory_02-004MG,PRDX6,13.94394233
B_06_Emory_01-005DS,PRDX6,13.49387119
B_07_Emory_56-001CD,PRDX6,14.1606321
A_01_Emory_8FKM,pSNCA-129,15.23221034
A_02_Emory_BYYZ,pSNCA-129,14.6202036
A_03_Emory_VP0015,pSNCA-129,18.8756359
A_04_Emory_VP004,pSNCA-129,18.95465624
A_05_Emory_VP006,pSNCA-129,18.80390055
A_06_Emory_VP007,pSNCA-129,19.49060383
A_07_Emory_VP009,pSNCA-129,18.50477592
A_08_Emory_VP010,pSNCA-129,18.11847205
A_09_Emory_VP012,pSNCA-129,19.17876582
A_10_Emory_BN073,pSNCA-129,13.22297967
A_11_Emory_BN038,pSNCA-129,11.9868763
B_01_Emory_BN087,pSNCA-129,14.91778635
B_02_Emory_BN006,pSNCA-129,14.12970895
B_03_Emory_T00535,pSNCA-129,13.56319331
B_04_Emory_02-003BM,pSNCA-129,13.48683076
B_05_Emory_02-004MG,pSNCA-129,14.754804
B_06_Emory_01-005DS,pSNCA-129,14.21000121
B_07_Emory_56-001CD,pSNCA-129,15.98217644
A_01_Emory_8FKM,PSEN1,12.20215552
A_02_Emory_BYYZ,PSEN1,11.95304786
A_03_Emory_VP0015,PSEN1,15.68505872
A_04_Emory_VP004,PSEN1,16.17350966
A_05_Emory_VP006,PSEN1,15.79276614
A_06_Emory_VP007,PSEN1,14.41917436
A_07_Emory_VP009,PSEN1,16.01001357
A_08_Emory_VP010,PSEN1,13.87875033
A_09_Emory_VP012,PSEN1,15.66160411
A_10_Emory_BN073,PSEN1,11.34499856
A_11_Emory_BN038,PSEN1,12.41798071
B_01_Emory_BN087,PSEN1,12.11976643
B_02_Emory_BN006,PSEN1,11.56180577
B_03_Emory_T00535,PSEN1,12.30068316
B_04_Emory_02-003BM,PSEN1,12.37557437
B_05_Emory_02-004MG,PSEN1,12.70914933
B_06_Emory_01-005DS,PSEN1,11.52109012
B_07_Emory_56-001CD,PSEN1,11.59131249
A_01_Emory_8FKM,pTau-181,12.63579099
A_02_Emory_BYYZ,pTau-181,12.90234873
A_03_Emory_VP0015,pTau-181,14.45578485
A_04_Emory_VP004,pTau-181,15.7718073
A_05_Emory_VP006,pTau-181,15.24134852
A_06_Emory_VP007,pTau-181,13.60727872
A_07_Emory_VP009,pTau-181,15.32924526
A_08_Emory_VP010,pTau-181,14.12652479
A_09_Emory_VP012,pTau-181,15.18536002
A_10_Emory_BN073,pTau-181,12.6343787
A_11_Emory_BN038,pTau-181,13.68953643
B_01_Emory_BN087,pTau-181,13.41327798
B_02_Emory_BN006,pTau-181,15.54443002
B_03_Emory_T00535,pTau-181,14.00779284
B_04_Emory_02-003BM,pTau-181,13.73922299
B_05_Emory_02-004MG,pTau-181,12.72898388
B_06_Emory_01-005DS,pTau-181,12.61953638
B_07_Emory_56-001CD,pTau-181,12.02742424
A_01_Emory_8FKM,pTau-217,11.50617441
A_02_Emory_BYYZ,pTau-217,11.72501004
A_03_Emory_VP0015,pTau-217,12.24268668
A_04_Emory_VP004,pTau-217,12.10796452
A_05_Emory_VP006,pTau-217,12.68608574
A_06_Emory_VP007,pTau-217,12.04834617
A_07_Emory_VP009,pTau-217,12.58306959
A_08_Emory_VP010,pTau-217,12.17939318
A_09_Emory_VP012,pTau-217,12.41889363
A_10_Emory_BN073,pTau-217,11.27068758
A_11_Emory_BN038,pTau-217,12.10936769
B_01_Emory_BN087,pTau-217,11.63480514
B_02_Emory_BN006,pTau-217,12.57781444
B_03_Emory_T00535,pTau-217,11.88702402
B_04_Emory_02-003BM,pTau-217,11.36297422
B_05_Emory_02-004MG,pTau-217,10.95368223
B_06_Emory_01-005DS,pTau-217,11.2060404
B_07_Emory_56-001CD,pTau-217,10.338841
A_01_Emory_8FKM,pTau-231,12.93090036
A_02_Emory_BYYZ,pTau-231,13.05920911
A_03_Emory_VP0015,pTau-231,14.78422389
A_04_Emory_VP004,pTau-231,16.46898386
A_05_Emory_VP006,pTau-231,15.80873739
A_06_Emory_VP007,pTau-231,13.67742053
A_07_Emory_VP009,pTau-231,15.84333064
A_08_Emory_VP010,pTau-231,14.03516942
A_09_Emory_VP012,pTau-231,15.77428763
A_10_Emory_BN073,pTau-231,12.72654647
A_11_Emory_BN038,pTau-231,13.63394575
B_01_Emory_BN087,pTau-231,13.78129603
B_02_Emory_BN006,pTau-231,15.14055847
B_03_Emory_T00535,pTau-231,13.93470095
B_04_Emory_02-003BM,pTau-231,13.4022609
B_05_Emory_02-004MG,pTau-231,12.68048326
B_06_Emory_01-005DS,pTau-231,12.34993147
B_07_Emory_56-001CD,pTau-231,11.43581933
A_01_Emory_8FKM,pTDP43-409,11.22270959
A_02_Emory_BYYZ,pTDP43-409,11.59641395
A_03_Emory_VP0015,pTDP43-409,17.27387094
A_04_Emory_VP004,pTDP43-409,18.91825975
A_05_Emory_VP006,pTDP43-409,17.49967162
A_06_Emory_VP007,pTDP43-409,17.37878805
A_07_Emory_VP009,pTDP43-409,17.53587486
A_08_Emory_VP010,pTDP43-409,15.47304535
A_09_Emory_VP012,pTDP43-409,17.92855509
A_10_Emory_BN073,pTDP43-409,11.02728944
A_11_Emory_BN038,pTDP43-409,12.1945471
B_01_Emory_BN087,pTDP43-409,11.78249264
B_02_Emory_BN006,pTDP43-409,11.40999566
B_03_Emory_T00535,pTDP43-409,10.77201717
B_04_Emory_02-003BM,pTDP43-409,11.59896153
B_05_Emory_02-004MG,pTDP43-409,11.64326751
B_06_Emory_01-005DS,pTDP43-409,11.53847732
B_07_Emory_56-001CD,pTDP43-409,11.38836427
A_01_Emory_8FKM,PTN,9.504571872
A_02_Emory_BYYZ,PTN,9.451954783
A_03_Emory_VP0015,PTN,9.746493729
A_04_Emory_VP004,PTN,10.13715855
A_05_Emory_VP006,PTN,9.655833724
A_06_Emory_VP007,PTN,9.533156215
A_07_Emory_VP009,PTN,10.11632382
A_08_Emory_VP010,PTN,10.05335777
A_09_Emory_VP012,PTN,10.2559129
A_10_Emory_BN073,PTN,9.016457031
A_11_Emory_BN038,PTN,9.863848325
B_01_Emory_BN087,PTN,9.897723466
B_02_Emory_BN006,PTN,9.588887751
B_03_Emory_T00535,PTN,9.324816889
B_04_Emory_02-003BM,PTN,9.2621482
B_05_Emory_02-004MG,PTN,8.713789118
B_06_Emory_01-005DS,PTN,8.765082868
B_07_Emory_56-001CD,PTN,9.363791064
A_01_Emory_8FKM,REST,13.25540593
A_02_Emory_BYYZ,REST,13.57872871
A_03_Emory_VP0015,REST,16.65206007
A_04_Emory_VP004,REST,19.47612787
A_05_Emory_VP006,REST,17.97379603
A_06_Emory_VP007,REST,14.09459559
A_07_Emory_VP009,REST,18.18466582
A_08_Emory_VP010,REST,13.82577926
A_09_Emory_VP012,REST,17.99237139
A_10_Emory_BN073,REST,13.25228071
A_11_Emory_BN038,REST,13.77321918
B_01_Emory_BN087,REST,13.95365231
B_02_Emory_BN006,REST,12.31976775
B_03_Emory_T00535,REST,13.59476211
B_04_Emory_02-003BM,REST,13.59271316
B_05_Emory_02-004MG,REST,13.06519176
B_06_Emory_01-005DS,REST,13.01738708
B_07_Emory_56-001CD,REST,12.84628061
A_01_Emory_8FKM,RUVBL2,12.68903195
A_02_Emory_BYYZ,RUVBL2,12.99743139
A_03_Emory_VP0015,RUVBL2,17.8435053
A_04_Emory_VP004,RUVBL2,19.07072684
A_05_Emory_VP006,RUVBL2,18.01780119
A_06_Emory_VP007,RUVBL2,16.60332291
A_07_Emory_VP009,RUVBL2,18.04727615
A_08_Emory_VP010,RUVBL2,15.61913245
A_09_Emory_VP012,RUVBL2,18.17968265
A_10_Emory_BN073,RUVBL2,11.82251674
A_11_Emory_BN038,RUVBL2,11.2093972
B_01_Emory_BN087,RUVBL2,13.57219407
B_02_Emory_BN006,RUVBL2,12.87088319
B_03_Emory_T00535,RUVBL2,12.53553408
B_04_Emory_02-003BM,RUVBL2,14.23214284
B_05_Emory_02-004MG,RUVBL2,14.43318238
B_06_Emory_01-005DS,RUVBL2,13.29541839
B_07_Emory_56-001CD,RUVBL2,14.45818715
A_01_Emory_8FKM,S100A12,11.52902422
A_02_Emory_BYYZ,S100A12,13.13575468
A_03_Emory_VP0015,S100A12,16.10887979
A_04_Emory_VP004,S100A12,18.33267926
A_05_Emory_VP006,S100A12,15.83078425
A_06_Emory_VP007,S100A12,14.01770095
A_07_Emory_VP009,S100A12,16.35629841
A_08_Emory_VP010,S100A12,12.51949152
A_09_Emory_VP012,S100A12,16.64113015
A_10_Emory_BN073,S100A12,12.95790529
A_11_Emory_BN038,S100A12,13.35384439
B_01_Emory_BN087,S100A12,17.41586812
B_02_Emory_BN006,S100A12,12.44770303
B_03_Emory_T00535,S100A12,13.931161
B_04_Emory_02-003BM,S100A12,16.93479313
B_05_Emory_02-004MG,S100A12,17.55207041
B_06_Emory_01-005DS,S100A12,17.32397982
B_07_Emory_56-001CD,S100A12,16.53360367
A_01_Emory_8FKM,S100B,13.1241009
A_02_Emory_BYYZ,S100B,13.31815283
A_03_Emory_VP0015,S100B,15.03774175
A_04_Emory_VP004,S100B,14.86697653
A_05_Emory_VP006,S100B,17.36312929
A_06_Emory_VP007,S100B,13.42285848
A_07_Emory_VP009,S100B,17.21729585
A_08_Emory_VP010,S100B,14.5556881
A_09_Emory_VP012,S100B,17.690161
A_10_Emory_BN073,S100B,12.96366632
A_11_Emory_BN038,S100B,14.93026016
B_01_Emory_BN087,S100B,14.0414445
B_02_Emory_BN006,S100B,12.79849204
B_03_Emory_T00535,S100B,14.02664184
B_04_Emory_02-003BM,S100B,12.86561914
B_05_Emory_02-004MG,S100B,13.55592321
B_06_Emory_01-005DS,S100B,13.76342454
B_07_Emory_56-001CD,S100B,13.67529925
A_01_Emory_8FKM,SAA1,12.19280076
A_02_Emory_BYYZ,SAA1,8.826854857
A_03_Emory_VP0015,SAA1,12.20557042
A_04_Emory_VP004,SAA1,9.478688439
A_05_Emory_VP006,SAA1,8.602222975
A_06_Emory_VP007,SAA1,11.74602058
A_07_Emory_VP009,SAA1,11.71755756
A_08_Emory_VP010,SAA1,10.31420118
A_09_Emory_VP012,SAA1,8.63704236
A_10_Emory_BN073,SAA1,11.65769651
A_11_Emory_BN038,SAA1,13.25933017
B_01_Emory_BN087,SAA1,11.19340312
B_02_Emory_BN006,SAA1,6.332352874
B_03_Emory_T00535,SAA1,9.783583478
B_04_Emory_02-003BM,SAA1,3.307519536
B_05_Emory_02-004MG,SAA1,10.45750173
B_06_Emory_01-005DS,SAA1,9.677396613
B_07_Emory_56-001CD,SAA1,11.13093288
A_01_Emory_8FKM,SFRP1,14.43558133
A_02_Emory_BYYZ,SFRP1,11.04527818
A_03_Emory_VP0015,SFRP1,10.56604521
A_04_Emory_VP004,SFRP1,9.857665525
A_05_Emory_VP006,SFRP1,11.07421734
A_06_Emory_VP007,SFRP1,10.73211793
A_07_Emory_VP009,SFRP1,13.75681346
A_08_Emory_VP010,SFRP1,13.97107143
A_09_Emory_VP012,SFRP1,16.02419495
A_10_Emory_BN073,SFRP1,10.16620731
A_11_Emory_BN038,SFRP1,11.30026133
B_01_Emory_BN087,SFRP1,11.66229877
B_02_Emory_BN006,SFRP1,10.10938437
B_03_Emory_T00535,SFRP1,10.99650712
B_04_Emory_02-003BM,SFRP1,9.592284859
B_05_Emory_02-004MG,SFRP1,11.52013625
B_06_Emory_01-005DS,SFRP1,9.72227716
B_07_Emory_56-001CD,SFRP1,10.74563803
A_01_Emory_8FKM,SFTPD,14.42053272
A_02_Emory_BYYZ,SFTPD,13.76777296
A_03_Emory_VP0015,SFTPD,14.15777156
A_04_Emory_VP004,SFTPD,14.17364254
A_05_Emory_VP006,SFTPD,15.59870391
A_06_Emory_VP007,SFTPD,13.96961345
A_07_Emory_VP009,SFTPD,13.01544094
A_08_Emory_VP010,SFTPD,14.41957409
A_09_Emory_VP012,SFTPD,14.3241618
A_10_Emory_BN073,SFTPD,14.20508101
A_11_Emory_BN038,SFTPD,12.69427157
B_01_Emory_BN087,SFTPD,14.41590143
B_02_Emory_BN006,SFTPD,13.21858468
B_03_Emory_T00535,SFTPD,13.04024793
B_04_Emory_02-003BM,SFTPD,13.92096465
B_05_Emory_02-004MG,SFTPD,13.92688456
B_06_Emory_01-005DS,SFTPD,14.85261515
B_07_Emory_56-001CD,SFTPD,15.34244026
A_01_Emory_8FKM,SLIT2,13.92304365
A_02_Emory_BYYZ,SLIT2,13.65623459
A_03_Emory_VP0015,SLIT2,13.86282375
A_04_Emory_VP004,SLIT2,14.11595065
A_05_Emory_VP006,SLIT2,13.38552469
A_06_Emory_VP007,SLIT2,14.10133607
A_07_Emory_VP009,SLIT2,14.44794095
A_08_Emory_VP010,SLIT2,13.6709002
A_09_Emory_VP012,SLIT2,13.30747136
A_10_Emory_BN073,SLIT2,13.41561784
A_11_Emory_BN038,SLIT2,13.8827499
B_01_Emory_BN087,SLIT2,14.12875075
B_02_Emory_BN006,SLIT2,13.34975386
B_03_Emory_T00535,SLIT2,13.76953789
B_04_Emory_02-003BM,SLIT2,12.95618492
B_05_Emory_02-004MG,SLIT2,13.47305016
B_06_Emory_01-005DS,SLIT2,13.50576639
B_07_Emory_56-001CD,SLIT2,13.25121118
A_01_Emory_8FKM,SMOC1,12.16100738
A_02_Emory_BYYZ,SMOC1,11.89065334
A_03_Emory_VP0015,SMOC1,11.23199172
A_04_Emory_VP004,SMOC1,12.60937958
A_05_Emory_VP006,SMOC1,12.99544025
A_06_Emory_VP007,SMOC1,11.80227017
A_07_Emory_VP009,SMOC1,11.26887349
A_08_Emory_VP010,SMOC1,12.06756576
A_09_Emory_VP012,SMOC1,10.04353395
A_10_Emory_BN073,SMOC1,10.35958998
A_11_Emory_BN038,SMOC1,11.19309169
B_01_Emory_BN087,SMOC1,11.75063336
B_02_Emory_BN006,SMOC1,10.03871833
B_03_Emory_T00535,SMOC1,11.23660579
B_04_Emory_02-003BM,SMOC1,10.40422871
B_05_Emory_02-004MG,SMOC1,11.18340659
B_06_Emory_01-005DS,SMOC1,11.17745203
B_07_Emory_56-001CD,SMOC1,13.36958898
A_01_Emory_8FKM,SNAP25,12.93993878
A_02_Emory_BYYZ,SNAP25,13.37020055
A_03_Emory_VP0015,SNAP25,14.06014436
A_04_Emory_VP004,SNAP25,13.90826913
A_05_Emory_VP006,SNAP25,14.81088604
A_06_Emory_VP007,SNAP25,14.54622628
A_07_Emory_VP009,SNAP25,13.66323434
A_08_Emory_VP010,SNAP25,13.59418009
A_09_Emory_VP012,SNAP25,14.63727217
A_10_Emory_BN073,SNAP25,13.26007223
A_11_Emory_BN038,SNAP25,13.32003896
B_01_Emory_BN087,SNAP25,12.64801478
B_02_Emory_BN006,SNAP25,13.03946221
B_03_Emory_T00535,SNAP25,13.16920701
B_04_Emory_02-003BM,SNAP25,12.78603174
B_05_Emory_02-004MG,SNAP25,12.67220752
B_06_Emory_01-005DS,SNAP25,12.6614277
B_07_Emory_56-001CD,SNAP25,12.57136704
A_01_Emory_8FKM,SNCA,14.82959135
A_02_Emory_BYYZ,SNCA,14.8840617
A_03_Emory_VP0015,SNCA,17.32063171
A_04_Emory_VP004,SNCA,17.29897525
A_05_Emory_VP006,SNCA,17.22415478
A_06_Emory_VP007,SNCA,17.58978609
A_07_Emory_VP009,SNCA,17.23886155
A_08_Emory_VP010,SNCA,16.86052827
A_09_Emory_VP012,SNCA,17.60052283
A_10_Emory_BN073,SNCA,14.10857565
A_11_Emory_BN038,SNCA,12.66543221
B_01_Emory_BN087,SNCA,15.15168802
B_02_Emory_BN006,SNCA,14.64500977
B_03_Emory_T00535,SNCA,14.17833491
B_04_Emory_02-003BM,SNCA,13.20322758
B_05_Emory_02-004MG,SNCA,14.23330493
B_06_Emory_01-005DS,SNCA,14.18365935
B_07_Emory_56-001CD,SNCA,15.00038221
A_01_Emory_8FKM,SNCB,11.51142084
A_02_Emory_BYYZ,SNCB,11.93481245
A_03_Emory_VP0015,SNCB,14.81285766
A_04_Emory_VP004,SNCB,15.30351551
A_05_Emory_VP006,SNCB,14.77282423
A_06_Emory_VP007,SNCB,14.82040439
A_07_Emory_VP009,SNCB,14.55131563
A_08_Emory_VP010,SNCB,14.73510495
A_09_Emory_VP012,SNCB,14.60027763
A_10_Emory_BN073,SNCB,11.05064232
A_11_Emory_BN038,SNCB,11.8069897
B_01_Emory_BN087,SNCB,11.70275303
B_02_Emory_BN006,SNCB,11.62236087
B_03_Emory_T00535,SNCB,11.25678975
B_04_Emory_02-003BM,SNCB,10.34200121
B_05_Emory_02-004MG,SNCB,9.976032619
B_06_Emory_01-005DS,SNCB,10.06179741
B_07_Emory_56-001CD,SNCB,11.38571568
A_01_Emory_8FKM,SOD1,14.03835273
A_02_Emory_BYYZ,SOD1,14.89662287
A_03_Emory_VP0015,SOD1,17.46820242
A_04_Emory_VP004,SOD1,17.15902495
A_05_Emory_VP006,SOD1,16.78312891
A_06_Emory_VP007,SOD1,17.38534629
A_07_Emory_VP009,SOD1,16.83259359
A_08_Emory_VP010,SOD1,16.26878473
A_09_Emory_VP012,SOD1,17.43147258
A_10_Emory_BN073,SOD1,13.58618476
A_11_Emory_BN038,SOD1,12.00030292
B_01_Emory_BN087,SOD1,14.97396413
B_02_Emory_BN006,SOD1,14.28248896
B_03_Emory_T00535,SOD1,13.62531542
B_04_Emory_02-003BM,SOD1,13.44197203
B_05_Emory_02-004MG,SOD1,14.16455273
B_06_Emory_01-005DS,SOD1,14.15539184
B_07_Emory_56-001CD,SOD1,14.94800207
A_01_Emory_8FKM,SQSTM1,11.77024547
A_02_Emory_BYYZ,SQSTM1,11.40238331
A_03_Emory_VP0015,SQSTM1,13.49079856
A_04_Emory_VP004,SQSTM1,15.32411779
A_05_Emory_VP006,SQSTM1,13.88518145
A_06_Emory_VP007,SQSTM1,13.91827001
A_07_Emory_VP009,SQSTM1,15.51783658
A_08_Emory_VP010,SQSTM1,13.23001458
A_09_Emory_VP012,SQSTM1,13.78643103
A_10_Emory_BN073,SQSTM1,11.24968153
A_11_Emory_BN038,SQSTM1,12.43615523
B_01_Emory_BN087,SQSTM1,12.52791548
B_02_Emory_BN006,SQSTM1,11.31760026
B_03_Emory_T00535,SQSTM1,11.40458313
B_04_Emory_02-003BM,SQSTM1,11.9470967
B_05_Emory_02-004MG,SQSTM1,11.89407812
B_06_Emory_01-005DS,SQSTM1,13.42872463
B_07_Emory_56-001CD,SQSTM1,12.35691245
A_01_Emory_8FKM,TAFA5,14.65363855
A_02_Emory_BYYZ,TAFA5,14.23516683
A_03_Emory_VP0015,TAFA5,14.10622406
A_04_Emory_VP004,TAFA5,13.30777594
A_05_Emory_VP006,TAFA5,14.61254922
A_06_Emory_VP007,TAFA5,13.48417017
A_07_Emory_VP009,TAFA5,14.03916247
A_08_Emory_VP010,TAFA5,14.31429169
A_09_Emory_VP012,TAFA5,13.06789249
A_10_Emory_BN073,TAFA5,14.22900209
A_11_Emory_BN038,TAFA5,14.45040645
B_01_Emory_BN087,TAFA5,13.87883729
B_02_Emory_BN006,TAFA5,13.14725316
B_03_Emory_T00535,TAFA5,14.20899618
B_04_Emory_02-003BM,TAFA5,12.82184391
B_05_Emory_02-004MG,TAFA5,13.24905213
B_06_Emory_01-005DS,TAFA5,12.26626039
B_07_Emory_56-001CD,TAFA5,11.70851076
A_01_Emory_8FKM,TARDBP,15.7913671
A_02_Emory_BYYZ,TARDBP,15.01501888
A_03_Emory_VP0015,TARDBP,19.77089773
A_04_Emory_VP004,TARDBP,20.99225566
A_05_Emory_VP006,TARDBP,19.61004519
A_06_Emory_VP007,TARDBP,19.53312728
A_07_Emory_VP009,TARDBP,19.75705284
A_08_Emory_VP010,TARDBP,18.15998351
A_09_Emory_VP012,TARDBP,20.08813382
A_10_Emory_BN073,TARDBP,13.19417262
A_11_Emory_BN038,TARDBP,12.21991885
B_01_Emory_BN087,TARDBP,14.79010614
B_02_Emory_BN006,TARDBP,13.66802572
B_03_Emory_T00535,TARDBP,13.4712018
B_04_Emory_02-003BM,TARDBP,14.43884686
B_05_Emory_02-004MG,TARDBP,14.93818477
B_06_Emory_01-005DS,TARDBP,14.72490155
B_07_Emory_56-001CD,TARDBP,14.35394515
A_01_Emory_8FKM,TEK,13.47868329
A_02_Emory_BYYZ,TEK,13.59860675
A_03_Emory_VP0015,TEK,13.30877699
A_04_Emory_VP004,TEK,13.68030776
A_05_Emory_VP006,TEK,13.92311565
A_06_Emory_VP007,TEK,13.94798205
A_07_Emory_VP009,TEK,14.00994972
A_08_Emory_VP010,TEK,13.55520554
A_09_Emory_VP012,TEK,13.44024761
A_10_Emory_BN073,TEK,13.46092934
A_11_Emory_BN038,TEK,13.32404765
B_01_Emory_BN087,TEK,14.19678149
B_02_Emory_BN006,TEK,13.23414742
B_03_Emory_T00535,TEK,13.49116788
B_04_Emory_02-003BM,TEK,13.62282472
B_05_Emory_02-004MG,TEK,13.33804138
B_06_Emory_01-005DS,TEK,13.6070601
B_07_Emory_56-001CD,TEK,13.69233316
A_01_Emory_8FKM,TIMP3,17.56062733
A_02_Emory_BYYZ,TIMP3,14.64830612
A_03_Emory_VP0015,TIMP3,20.86435362
A_04_Emory_VP004,TIMP3,18.54743205
A_05_Emory_VP006,TIMP3,16.65007203
A_06_Emory_VP007,TIMP3,18.89301166
A_07_Emory_VP009,TIMP3,19.22679966
A_08_Emory_VP010,TIMP3,14.98063106
A_09_Emory_VP012,TIMP3,18.26171286
A_10_Emory_BN073,TIMP3,12.41344362
A_11_Emory_BN038,TIMP3,12.96502147
B_01_Emory_BN087,TIMP3,15.99618805
B_02_Emory_BN006,TIMP3,12.89901297
B_03_Emory_T00535,TIMP3,18.85327471
B_04_Emory_02-003BM,TIMP3,15.41889918
B_05_Emory_02-004MG,TIMP3,17.62669327
B_06_Emory_01-005DS,TIMP3,18.92119704
B_07_Emory_56-001CD,TIMP3,18.54313676
A_01_Emory_8FKM,TNF,13.22491916
A_02_Emory_BYYZ,TNF,13.12922587
A_03_Emory_VP0015,TNF,13.54448657
A_04_Emory_VP004,TNF,13.65306501
A_05_Emory_VP006,TNF,13.8967292
A_06_Emory_VP007,TNF,14.16518794
A_07_Emory_VP009,TNF,13.92333741
A_08_Emory_VP010,TNF,13.63643744
A_09_Emory_VP012,TNF,13.26998989
A_10_Emory_BN073,TNF,13.0455956
A_11_Emory_BN038,TNF,13.36299517
B_01_Emory_BN087,TNF,13.85679224
B_02_Emory_BN006,TNF,13.06237419
B_03_Emory_T00535,TNF,13.57439168
B_04_Emory_02-003BM,TNF,12.97836617
B_05_Emory_02-004MG,TNF,13.612224
B_06_Emory_01-005DS,TNF,13.47506149
B_07_Emory_56-001CD,TNF,13.45459009
A_01_Emory_8FKM,TREM1,13.34693033
A_02_Emory_BYYZ,TREM1,13.90088248
A_03_Emory_VP0015,TREM1,13.59442004
A_04_Emory_VP004,TREM1,14.23629228
A_05_Emory_VP006,TREM1,14.08052684
A_06_Emory_VP007,TREM1,14.2124
A_07_Emory_VP009,TREM1,14.28018065
A_08_Emory_VP010,TREM1,13.6802883
A_09_Emory_VP012,TREM1,13.1815575
A_10_Emory_BN073,TREM1,13.78883182
A_11_Emory_BN038,TREM1,14.70591444
B_01_Emory_BN087,TREM1,14.69837964
B_02_Emory_BN006,TREM1,13.77119877
B_03_Emory_T00535,TREM1,13.69440767
B_04_Emory_02-003BM,TREM1,14.65362618
B_05_Emory_02-004MG,TREM1,14.65546153
B_06_Emory_01-005DS,TREM1,14.79342022
B_07_Emory_56-001CD,TREM1,13.90202195
A_01_Emory_8FKM,TREM2,12.69684599
A_02_Emory_BYYZ,TREM2,12.52246986
A_03_Emory_VP0015,TREM2,12.16844871
A_04_Emory_VP004,TREM2,13.69667138
A_05_Emory_VP006,TREM2,11.87544837
A_06_Emory_VP007,TREM2,13.15377768
A_07_Emory_VP009,TREM2,13.94165645
A_08_Emory_VP010,TREM2,11.79222064
A_09_Emory_VP012,TREM2,11.52670128
A_10_Emory_BN073,TREM2,11.86881701
A_11_Emory_BN038,TREM2,14.24254765
B_01_Emory_BN087,TREM2,12.85404367
B_02_Emory_BN006,TREM2,10.57220862
B_03_Emory_T00535,TREM2,11.86891123
B_04_Emory_02-003BM,TREM2,12.30596495
B_05_Emory_02-004MG,TREM2,12.2016538
B_06_Emory_01-005DS,TREM2,14.14439946
B_07_Emory_56-001CD,TREM2,12.91197501
A_01_Emory_8FKM,UCHL1,10.06494144
A_02_Emory_BYYZ,UCHL1,9.341258334
A_03_Emory_VP0015,UCHL1,10.02945524
A_04_Emory_VP004,UCHL1,10.86758383
A_05_Emory_VP006,UCHL1,11.06955118
A_06_Emory_VP007,UCHL1,10.43563273
A_07_Emory_VP009,UCHL1,11.20752911
A_08_Emory_VP010,UCHL1,10.25770258
A_09_Emory_VP012,UCHL1,9.784364022
A_10_Emory_BN073,UCHL1,9.40885745
A_11_Emory_BN038,UCHL1,9.908795229
B_01_Emory_BN087,UCHL1,10.45566441
B_02_Emory_BN006,UCHL1,10.09336771
B_03_Emory_T00535,UCHL1,10.39066125
B_04_Emory_02-003BM,UCHL1,9.586912043
B_05_Emory_02-004MG,UCHL1,9.821873201
B_06_Emory_01-005DS,UCHL1,9.818947005
B_07_Emory_56-001CD,UCHL1,10.88589717
A_01_Emory_8FKM,VCAM1,13.96558875
A_02_Emory_BYYZ,VCAM1,13.97251814
A_03_Emory_VP0015,VCAM1,13.36469484
A_04_Emory_VP004,VCAM1,13.79088163
A_05_Emory_VP006,VCAM1,13.93880607
A_06_Emory_VP007,VCAM1,13.56219823
A_07_Emory_VP009,VCAM1,13.39655377
A_08_Emory_VP010,VCAM1,13.54363341
A_09_Emory_VP012,VCAM1,13.35188935
A_10_Emory_BN073,VCAM1,13.22312635
A_11_Emory_BN038,VCAM1,13.4672475
B_01_Emory_BN087,VCAM1,13.62043389
B_02_Emory_BN006,VCAM1,13.26121904
B_03_Emory_T00535,VCAM1,13.72345852
B_04_Emory_02-003BM,VCAM1,13.71489131
B_05_Emory_02-004MG,VCAM1,13.69233869
B_06_Emory_01-005DS,VCAM1,14.0212306
B_07_Emory_56-001CD,VCAM1,13.88692433
A_01_Emory_8FKM,VEGFA,15.24625556
A_02_Emory_BYYZ,VEGFA,14.50056211
A_03_Emory_VP0015,VEGFA,14.72532511
A_04_Emory_VP004,VEGFA,15.68711651
A_05_Emory_VP006,VEGFA,14.17119537
A_06_Emory_VP007,VEGFA,14.70772151
A_07_Emory_VP009,VEGFA,15.02057474
A_08_Emory_VP010,VEGFA,15.08717421
A_09_Emory_VP012,VEGFA,14.64824931
A_10_Emory_BN073,VEGFA,14.47536794
A_11_Emory_BN038,VEGFA,14.59132216
B_01_Emory_BN087,VEGFA,15.23898749
B_02_Emory_BN006,VEGFA,13.98450064
B_03_Emory_T00535,VEGFA,15.17471594
B_04_Emory_02-003BM,VEGFA,14.17467479
B_05_Emory_02-004MG,VEGFA,15.30692384
B_06_Emory_01-005DS,VEGFA,14.55427499
B_07_Emory_56-001CD,VEGFA,14.0579812
A_01_Emory_8FKM,VEGFD,12.83498945
A_02_Emory_BYYZ,VEGFD,12.3924498
A_03_Emory_VP0015,VEGFD,12.20220468
A_04_Emory_VP004,VEGFD,13.06917176
A_05_Emory_VP006,VEGFD,12.4552007
A_06_Emory_VP007,VEGFD,11.57549058
A_07_Emory_VP009,VEGFD,12.36986515
A_08_Emory_VP010,VEGFD,12.41484491
A_09_Emory_VP012,VEGFD,11.99112666
A_10_Emory_BN073,VEGFD,11.65487519
A_11_Emory_BN038,VEGFD,12.77654279
B_01_Emory_BN087,VEGFD,12.50133837
B_02_Emory_BN006,VEGFD,11.53366239
B_03_Emory_T00535,VEGFD,11.52576476
B_04_Emory_02-003BM,VEGFD,14.6752284
B_05_Emory_02-004MG,VEGFD,16.31094295
B_06_Emory_01-005DS,VEGFD,16.48510735
B_07_Emory_56-001CD,VEGFD,14.83634063
A_01_Emory_8FKM,VGF,12.01897397
A_02_Emory_BYYZ,VGF,13.51587278
A_03_Emory_VP0015,VGF,10.44665826
A_04_Emory_VP004,VGF,13.19759504
A_05_Emory_VP006,VGF,13.02523074
A_06_Emory_VP007,VGF,11.28491117
A_07_Emory_VP009,VGF,12.17781803
A_08_Emory_VP010,VGF,11.13539071
A_09_Emory_VP012,VGF,14.9467296
A_10_Emory_BN073,VGF,10.94012145
A_11_Emory_BN038,VGF,10.14566206
B_01_Emory_BN087,VGF,12.21375001
B_02_Emory_BN006,VGF,12.31439306
B_03_Emory_T00535,VGF,14.92492794
B_04_Emory_02-003BM,VGF,13.0953838
B_05_Emory_02-004MG,VGF,11.62095564
B_06_Emory_01-005DS,VGF,12.7798121
B_07_Emory_56-001CD,VGF,13.473787
A_01_Emory_8FKM,VSNL1,11.81088372
A_02_Emory_BYYZ,VSNL1,12.17896022
A_03_Emory_VP0015,VSNL1,12.07476002
A_04_Emory_VP004,VSNL1,13.3964948
A_05_Emory_VP006,VSNL1,12.47120093
A_06_Emory_VP007,VSNL1,12.1039462
A_07_Emory_VP009,VSNL1,13.77336452
A_08_Emory_VP010,VSNL1,12.19440621
A_09_Emory_VP012,VSNL1,12.13794766
A_10_Emory_BN073,VSNL1,12.04277883
A_11_Emory_BN038,VSNL1,12.33138211
B_01_Emory_BN087,VSNL1,12.32025173
B_02_Emory_BN006,VSNL1,12.81659669
B_03_Emory_T00535,VSNL1,12.65932483
B_04_Emory_02-003BM,VSNL1,11.86948094
B_05_Emory_02-004MG,VSNL1,11.53671858
B_06_Emory_01-005DS,VSNL1,13.25845913
B_07_Emory_56-001CD,VSNL1,12.93148437
A_01_Emory_8FKM,YWHAZ,9.61323629
A_02_Emory_BYYZ,YWHAZ,8.718964933
A_03_Emory_VP0015,YWHAZ,12.22930778
A_04_Emory_VP004,YWHAZ,11.57982673
A_05_Emory_VP006,YWHAZ,11.34001993
A_06_Emory_VP007,YWHAZ,11.91570737
A_07_Emory_VP009,YWHAZ,10.91674542
A_08_Emory_VP010,YWHAZ,10.77378289
A_09_Emory_VP012,YWHAZ,11.32525948
A_10_Emory_BN073,YWHAZ,6.54636969
A_11_Emory_BN038,YWHAZ,9.083703301
B_01_Emory_BN087,YWHAZ,10.11771011
B_02_Emory_BN006,YWHAZ,8.433337185
B_03_Emory_T00535,YWHAZ,7.370445718
B_04_Emory_02-003BM,YWHAZ,11.58480386
B_05_Emory_02-004MG,YWHAZ,14.11117844
B_06_Emory_01-005DS,YWHAZ,12.84606338
B_07_Emory_56-001CD,YWHAZ,11.69545028